#{"t_start": 1764373019.9330518, "env_id": "merge-v0"}
r,l,t
12.717345,14,0.715435
5.01248,6,0.76027
5.123127,6,0.804704
3.354346,4,0.833393
3.225167,4,0.864497
7.824562,9,0.93886
4.136799,5,0.976493
5.219356,6,1.020765
8.595931,10,1.098073
6.364856,8,1.156113
10.896986,12,1.248123
12.235949,14,1.362486
12.123086,15,1.711899
6.762756,8,1.848654
10.742636,15,2.079006
5.989625,7,2.209338
6.710662,8,2.351022
5.01248,6,2.472634
5.099245,6,2.556016
10.232375,12,2.764786
5.027881,6,2.891209
5.977988,7,2.980497
11.583599,15,3.258328
8.790239,10,3.44841
5.177876,6,3.536058
4.772316,6,3.658577
8.299815,10,3.809179
12.695818,16,4.097808
8.255606,10,4.298408
6.910363,8,4.452195
4.331454,5,4.539111
5.234703,6,4.631139
4.140218,5,4.751175
8.900904,10,4.906581
3.255556,4,4.975905
4.319415,5,5.06052
6.917204,8,5.205991
4.941499,6,5.331133
4.868507,6,5.416752
3.364056,4,5.494974
10.213518,14,5.784298
4.015769,5,5.866177
7.89815,10,6.075584
8.682623,11,6.250782
4.978946,6,6.37939
6.169489,7,6.509484
12.444456,14,6.743736
9.425021,12,6.962264
6.898172,8,7.105439
4.040258,5,7.183912
11.485822,13,7.474829
13.250392,15,7.736713
5.674652,7,7.879729
5.929054,7,8.0195
5.817492,7,8.15411
8.690172,11,8.323144
6.071007,7,8.460221
7.747053,9,8.609583
7.236079,8,8.75434
10.498712,12,8.981495
12.037608,14,9.25249
5.13701,6,9.337978
6.906057,8,9.480591
6.181528,7,9.614245
4.933835,6,9.746541
7.301331,9,9.906885
13.300679,15,10.217612
13.41179,15,10.462147
5.123592,6,10.588928
12.59578,15,10.859285
5.210213,6,10.960697
6.831375,8,11.103269
4.116667,5,11.231965
7.201841,8,11.37423
5.270667,6,11.499498
4.283369,5,11.578003
4.179147,5,11.671141
4.895653,6,11.793724
11.174487,12,12.013825
6.831044,8,12.154322
5.957041,7,12.284123
6.211613,7,12.378176
7.292455,8,12.521396
8.194456,9,12.713292
7.208301,8,12.862659
4.205654,5,12.946285
6.097193,7,13.080145
4.015769,5,13.157839
5.944982,7,13.295973
6.677429,8,13.447088
4.234703,5,13.532057
10.417653,12,13.747972
3.373704,4,13.820982
5.164788,6,13.915621
6.729123,8,14.07249
8.928786,11,14.279754
3.970343,5,14.361421
6.889626,8,14.503184
3.179259,4,14.577121
6.182405,7,14.717376
6.151481,7,14.85352
12.162728,14,15.093351
5.044946,6,15.229101
12.773887,16,15.571178
11.41901,15,15.875306
5.675977,7,15.967934
6.804277,8,16.116151
6.044266,7,16.249948
9.595338,12,16.470374
15.151972,17,16.776911
4.136325,5,16.910989
4.311111,5,16.992935
5.050189,6,17.087292
3.303676,4,17.164707
4.861129,6,17.286559
7.257396,8,17.436752
3.233431,4,17.511868
5.039794,6,17.602135
5.141011,6,17.728347
3.209056,4,17.799215
11.413135,14,18.03377
3.255556,4,18.105149
6.980037,8,18.258823
12.521227,15,18.540781
3.347193,4,18.614694
5.267168,6,18.741093
11.773553,14,18.984053
11.807899,15,19.280876
13.772901,15,19.578392
9.265944,11,19.749991
7.715892,10,19.943379
4.135943,5,20.026785
5.936352,7,20.172652
3.164166,4,20.244375
3.333438,4,20.314985
6.750151,8,20.465089
7.267168,8,20.614824
4.969573,6,20.702588
4.206925,5,20.820936
3.207037,4,20.893915
6.915419,8,21.050618
10.844616,13,21.285318
11.41901,15,21.563691
12.483611,17,21.851434
4.651986,6,21.938209
5.237991,6,22.063737
4.11386,5,22.139871
6.055556,7,22.270879
4.203938,5,22.352514
10.547131,14,22.61873
5.941943,7,22.715358
5.123127,6,22.841556
6.095926,7,22.982234
6.551019,8,23.132116
7.044095,8,23.282041
12.216385,15,23.523683
4.333438,5,23.650747
13.724641,16,23.996278
13.050679,15,24.250069
6.123704,7,24.388749
7.201841,8,24.546642
10.650991,12,24.767488
6.25,7,24.903199
6.15375,7,25.039281
3.345926,4,25.114307
3.394444,4,25.185008
4.168789,5,25.263815
5.930906,7,25.39651
3.373704,4,25.480064
6.256764,7,25.576754
3.234815,4,25.648072
5.278315,6,25.783772
7.26386,8,25.944197
8.730308,10,26.101705
13.689568,15,26.385532
13.419333,16,26.673357
13.134012,15,26.967061
13.707852,15,27.249433
6.619133,8,27.412165
6.183407,7,27.521324
5.179147,6,27.651438
5.986082,7,27.785036
4.280723,5,27.862865
5.219721,6,27.952358
11.624736,13,28.221883
13.689568,15,28.471038
7.961157,10,28.692355
14.800679,17,29.055403
12.21695,17,29.366855
8.578816,10,29.581784
8.530198,10,29.746349
13.652296,15,30.055077
11.44471,15,30.350214
4.210213,5,30.434656
4.20646,5,30.514359
4.227778,5,30.631721
5.210213,6,30.723812
6.211185,7,30.858359
3.382123,4,30.936472
5.256764,6,31.026193
4.316765,5,31.220245
6.745464,8,31.386857
3.364056,4,31.474335
6.972374,8,31.631548
7.07839,8,31.780878
13.41179,15,32.048521
13.245123,15,32.359353
12.633051,15,32.706923
11.209977,13,32.946625
6.919133,8,33.090447
6.882135,8,33.231616
6.180906,7,33.364622
5.075632,6,33.454598
13.134012,14,33.73025
12.272901,14,33.967641
10.94471,15,34.245674
6.247054,7,34.388057
3.382123,4,34.463161
6.150005,7,34.603042
6.970975,8,34.764242
4.401481,5,34.849464
7.267168,8,35.011494
7.267168,8,35.156865
6.140332,7,35.298685
6.279333,7,35.400943
7.211613,8,35.549642
13.772901,15,35.830785
13.800679,16,36.114885
11.861377,15,36.406155
12.349698,16,36.692692
4.444444,5,36.773301
7.267168,8,36.921899
6.194616,7,37.062756
7.23939,8,37.222285
4.247054,5,37.393564
6.16811,7,37.574975
4.319415,5,37.662408
5.219276,6,37.792636
6.140332,7,37.893513
13.717346,16,38.188423
6.836501,8,38.342437
13.66179,15,38.655489
12.360814,16,38.96764
12.605273,15,39.270357
8.650864,10,39.457904
4.176639,5,39.589973
4.1881,5,39.678804
8.680289,10,39.844779
13.745123,15,40.135165
5.278315,6,40.266372
4.347193,5,40.363444
3.364056,4,40.438288
5.267168,6,40.532728
4.401481,5,40.660904
6.180906,7,40.757761
7.267168,8,40.903596
3.422222,4,41.021583
13.856234,15,41.307718
13.745123,15,41.602167
12.360814,16,41.913213
8.607489,10,42.077247
8.669797,10,42.280109
12.633051,15,42.576802
8.059265,9,42.736594
4.364056,5,42.8291
6.180906,7,42.971484
7.267168,8,43.117763
5.237991,6,43.208036
3.347193,4,43.284127
6.241908,7,43.420189
6.170037,7,43.611373
11.364434,14,43.855756
4.382123,5,43.981544
6.22176,7,44.078721
5.267168,6,44.20469
5.290258,6,44.292391
13.078457,14,44.601257
8.690046,11,44.83002
11.278044,15,45.080712
7.095823,8,45.22924
4.237991,5,45.35406
8.059265,9,45.514291
5.206925,6,45.605466
6.980037,8,45.751052
7.267168,8,45.90096
7.211613,8,46.045918
3.361111,4,46.119037
5.222759,6,46.248977
6.859542,8,46.40013
6.969608,8,46.546965
3.398383,4,46.618581
13.745123,15,46.907738
13.272893,15,47.160588
8.620004,10,47.422066
13.745123,15,47.731869
3.382123,4,47.802922
11.41999,14,48.035901
13.745123,15,48.32994
12.689172,17,48.631018
15.189568,17,48.943697
3.352561,4,49.017622
3.324783,4,49.08901
4.193983,5,49.208787
13.680074,15,49.455522
6.216741,7,49.593081
7.976972,9,49.745309
4.342827,5,49.863394
4.307998,5,49.943365
6.666596,8,50.086859
5.148861,6,50.177598
5.278315,6,50.303306
3.422222,4,50.37401
5.290258,6,50.464154
3.364056,4,50.535508
6.915098,8,50.682272
5.331454,6,50.806352
12.218331,14,51.038825
11.916933,15,51.32536
14.578457,16,51.622172
4.098781,5,51.702053
13.66179,15,51.989059
12.429113,15,52.26285
12.725165,14,52.502288
5.247054,6,52.626919
5.275128,6,52.714443
13.078457,14,52.992637
12.218331,14,53.234143
6.162942,7,53.371154
5.333438,6,53.500486
3.444444,4,53.572923
13.800679,15,53.817613
7.814687,9,54.00752
8.660004,10,54.169608
13.689568,15,54.456089
11.336657,14,54.692052
6.776209,8,54.839037
11.889155,15,55.134916
13.717346,15,55.417684
13.217345,15,55.697223
8.669797,10,55.860455
12.633051,15,56.140599
5.247054,6,56.229155
8.059265,9,56.424567
4.401481,5,56.505483
6.968625,8,56.654941
5.290258,6,56.745302
4.382123,5,56.863193
7.10483,8,57.008988
12.633051,15,57.25219
12.689172,17,57.582415
12.689172,17,57.935944
8.669797,10,58.11976
3.364056,4,58.203741
3.382123,4,58.280863
5.235642,6,58.41673
5.249538,6,58.509314
13.856234,15,58.805854
11.889155,15,59.090148
3.422222,4,59.162604
3.364056,4,59.235327
5.209435,6,59.326134
11.41999,14,59.604113
3.331454,4,59.67564
13.078457,14,59.911457
4.331454,5,60.033835
4.347193,5,60.11825
8.059265,9,60.276953
11.41999,14,60.55847
12.633051,15,60.810582
14.252943,17,61.17494
12.939568,15,61.457253
13.634012,15,61.746096
12.190498,14,62.031865
3.243235,4,62.109798
4.382123,5,62.190963
13.078457,14,62.43493
6.162942,7,62.575543
4.422222,5,62.658252
5.237991,6,62.786743
6.3085,7,62.928017
5.335776,6,63.022572
6.279333,7,63.159505
4.364056,5,63.24085
11.41999,14,63.532689
13.745123,15,63.795429
15.245123,17,64.148202
4.171645,5,64.22945
3.422222,4,64.302267
5.257313,6,64.393972
7.010853,8,64.546725
5.969721,7,64.697062
7.23939,8,64.849308
6.968625,8,65.002506
6.943197,8,65.162763
7.85505,9,65.313562
3.088889,4,65.38569
3.993235,5,65.510845
3.818752,5,65.592695
8.252639,10,65.75779
13.856234,15,66.044788
6.194616,7,66.188067
6.225045,7,66.322663
7.267168,8,66.471553
6.259975,7,66.569439
8.00371,9,66.776116
6.173699,7,66.873821
13.078457,14,67.155862
13.772901,15,67.438527
3.382123,4,67.512129
13.800679,15,67.805889
5.228987,6,67.941982
3.401481,4,68.01886
7.250031,8,68.185108
4.033333,5,68.270596
10.250986,12,68.49905
5.734703,7,68.644121
6.663721,8,68.800372
5.701209,7,68.946955
13.772901,15,69.203262
4.183835,5,69.329033
12.10722,14,69.588261
7.250031,8,69.782311
4.237991,5,69.866291
4.331454,5,69.996662
4.364056,5,70.086048
4.316765,5,70.175223
6.278315,7,70.318428
7.133522,8,70.47033
6.904629,8,70.631644
4.364056,5,70.713344
3.422222,4,70.786624
4.249538,5,70.872227
4.363553,5,71.001921
8.642333,10,71.167131
12.52361,15,71.470192
13.800679,15,71.771983
8.634371,10,71.948106
7.837519,9,72.10581
14.41179,16,72.409298
12.71695,17,72.812505
13.828457,15,73.069553
4.422222,5,73.191341
11.41999,14,73.429377
6.116085,7,73.576499
4.303054,5,73.669236
5.295848,6,73.802266
13.856234,15,74.058757
9.947919,13,74.367362
13.856234,15,74.634097
13.66179,15,74.933445
13.66179,15,75.250258
13.772901,15,75.553883
12.355273,15,75.800897
6.222759,7,75.942552
7.250031,8,76.107401
13.050679,14,76.397085
12.605273,15,76.653008
12.633051,15,76.952652
4.444444,5,77.035214
12.216709,14,77.328069
13.328457,15,77.629018
13.911782,15,77.888939
12.494162,15,78.178734
11.41999,14,78.464044
6.265912,7,78.569769
13.717346,15,78.857555
12.967346,14,79.143023
3.366667,4,79.220658
5.111292,6,79.313451
5.191635,6,79.446692
13.800679,15,79.705368
11.392212,14,79.988182
13.078457,14,80.231669
14.578457,16,80.552606
4.235642,5,80.678679
11.91901,15,80.936132
15.189568,17,81.293946
12.661394,17,81.601322
7.841418,9,81.757672
8.642333,10,81.977646
4.176639,5,82.065529
11.916933,15,82.354156
3.401481,4,82.428646
3.422222,4,82.502267
4.247054,5,82.585935
13.078457,14,82.831461
6.213627,7,82.984825
4.210934,5,83.070794
4.347193,5,83.194951
4.206925,5,83.279384
10.882938,14,83.530567
13.078457,14,83.824226
13.078457,14,84.078084
7.925796,9,84.311319
14.41179,16,84.637087
12.549718,15,84.886624
12.549718,15,85.185603
12.633051,15,85.489893
4.380339,5,85.574224
11.41999,14,85.868304
13.078457,14,86.129703
12.218331,14,86.425873
13.856234,15,86.674161
10.936327,14,86.966473
11.41999,14,87.234478
12.218331,14,87.511286
4.382123,5,87.590376
11.41999,14,87.86673
11.08765,14,88.104254
13.050679,14,88.377244
4.28022,5,88.464029
12.605273,15,88.757193
12.995123,14,88.990392
4.303054,5,89.069268
11.41999,14,89.388351
13.078457,14,89.642684
11.41999,14,89.939438
11.475498,14,90.187546
5.235642,6,90.349892
13.078457,14,90.608067
13.022901,14,90.903166
4.297006,5,90.989312
4.114538,5,91.070281
13.800679,15,91.3556
13.911782,15,91.650053
13.550679,15,91.959682
13.050679,14,92.20391
3.401481,4,92.282299
11.41999,14,92.574609
13.078457,14,92.841736
11.916933,15,93.17888
11.889155,15,93.473199
11.215727,14,93.725058
7.257396,8,93.883639
3.401481,4,93.961388
13.051665,15,94.266297
10.773828,13,94.509094
11.083599,15,94.824022
12.549718,15,95.172329
5.846359,7,95.271897
3.422222,4,95.350026
13.078457,14,95.634575
5.176639,6,95.732882
13.856234,15,96.03778
5.235642,6,96.184361
3.444444,4,96.257463
12.384012,14,96.50241
13.078457,14,96.798557
13.078457,14,97.055666
4.237991,5,97.136933
8.059265,9,97.340296
5.267168,6,97.443446
3.364056,4,97.519135
11.41999,14,97.801106
4.163721,5,97.88954
5.088312,6,97.980349
11.833599,15,98.264652
4.291637,5,98.347435
13.022901,14,98.631415
11.41999,14,98.866555
4.985642,6,99.020993
13.078457,14,99.26335
13.856234,15,99.569895
3.363553,4,99.643838
4.171645,5,99.728903
14.411782,16,100.038132
3.380339,4,100.11749
8.669797,10,100.340033
3.422222,4,100.431526
13.050679,14,100.745861
12.190554,14,101.053067
11.41999,14,101.326134
5.226841,6,101.474144
13.745123,15,101.785883
12.305258,16,102.096997
13.022901,14,102.348304
4.444444,5,102.433824
4.364056,5,102.611512
3.364056,4,102.696129
3.401481,4,102.773882
3.401481,4,102.854058
12.688607,15,103.118522
3.342827,4,103.193424
3.264612,4,103.273765
13.328457,15,103.602424
12.633051,15,103.903217
11.41999,14,104.140044
3.422222,4,104.212045
3.364056,4,104.289005
8.059265,9,104.493484
4.382123,5,104.57344
4.331454,5,104.655483
11.41999,14,104.941445
11.41999,14,105.188834
13.078457,14,105.478865
4.401481,5,105.560772
5.333438,6,105.650479
7.095823,8,105.795821
4.316765,5,105.924039
11.41999,14,106.170054
4.164788,5,106.257176
4.166205,5,106.383575
13.828457,15,106.64241
3.316765,4,106.717461
13.856234,15,107.00976
3.444444,4,107.084649
10.358198,12,107.308519
13.078457,14,107.596318
4.331454,5,107.679872
3.401481,4,107.752609
12.939568,14,107.997007
11.41999,14,108.373764
13.689568,15,108.672841
13.634012,15,108.92786
4.093306,5,109.057085
13.800679,15,109.317719
11.722488,15,109.605783
12.541185,14,109.887235
12.633051,15,110.143782
8.62694,10,110.343649
13.050679,14,110.591389
4.401481,5,110.713188
4.237991,5,110.794473
6.162942,7,110.936721
11.41999,14,111.190493
13.078457,14,111.47342
13.078457,14,111.711837
13.050679,14,111.992935
3.347193,4,112.131668
5.275128,6,112.224017
13.078457,14,112.520737
4.347193,5,112.601421
11.41999,14,112.847894
11.916933,15,113.135922
4.444444,5,113.215962
5.133522,6,113.342422
11.916933,15,113.638072
11.916933,15,113.890605
13.023886,15,114.182397
8.596956,10,114.386411
7.758085,9,114.547027
7.758085,9,114.69958
12.605273,15,114.980558
7.892026,9,115.130928
4.235642,5,115.213887
3.347193,4,115.285805
14.106234,16,115.58515
5.265912,6,115.711802
4.422222,5,115.79189
6.921083,8,115.939384
4.347193,5,116.021921
8.059265,9,116.215088
6.258191,7,116.313275
4.401481,5,116.432915
4.331454,5,116.513136
6.265912,7,116.654235
12.752943,14,116.895148
11.41999,14,117.176001
11.027778,12,117.39284
11.41999,14,117.632266
4.373704,5,117.712148
12.744162,15,117.994023
11.916933,15,118.28127
12.314198,14,118.515871
11.41999,14,118.792294
10.501265,12,119.015445
6.927609,8,119.16406
3.422222,4,119.236885
3.303054,4,119.311982
5.278315,6,119.402157
13.078457,14,119.677837
5.217793,6,119.766941
7.07839,8,119.913469
11.91901,15,120.206024
11.889155,15,120.497558
13.800679,15,120.786882
6.169109,7,120.900529
7.004099,8,121.048249
4.174063,5,121.167259
13.772901,15,121.4145
12.744162,15,121.695946
3.316765,4,121.766752
7.938698,9,121.919562
11.916933,15,122.206053
7.095823,8,122.353135
11.41999,14,122.639132
4.422222,5,122.718369
8.730301,10,122.875587
5.166848,6,123.015617
5.127023,6,123.104851
12.360814,16,123.397431
13.856234,15,123.683312
4.398383,5,123.765171
12.884012,14,124.039933
13.050679,14,124.268799
4.319963,5,124.389382
13.856234,15,124.640566
11.889155,15,124.930364
11.41999,14,125.207796
7.003173,8,125.361924
11.916933,15,125.609387
3.156959,4,125.683067
8.620004,10,125.899161
11.889155,15,126.18901
4.382123,5,126.269442
3.382123,4,126.348452
5.278315,6,126.439092
7.031371,8,126.585914
4.247054,5,126.707909
13.606234,15,126.953386
11.41999,14,127.223638
3.382123,4,127.294711
4.2,5,127.381601
13.856234,15,127.670615
13.717346,15,127.960871
12.633051,15,128.199169
12.744162,15,128.494497
12.079443,14,128.771918
4.316765,5,128.850792
12.18742,14,129.088615
8.059265,9,129.287593
4.382123,5,129.366974
11.41999,14,129.6113
11.364434,14,129.888726
13.772901,15,130.185673
12.475165,14,130.428905
6.876851,8,130.582924
6.914641,8,130.728203
8.031487,9,130.885458
5.23939,6,131.018045
4.382123,5,131.09705
12.752943,14,131.376983
8.059265,9,131.538392
3.401481,4,131.606089
3.394444,4,131.689503
5.275128,6,131.779348
13.856234,15,132.062241
13.717346,15,132.351261
11.916933,15,132.632665
8.059265,9,132.790049
8.059265,9,132.951816
5.316765,6,133.133323
8.059265,9,133.302603
3.364056,4,133.381947
13.800679,15,133.680494
5.237991,6,133.775391
6.904629,8,133.941942
12.318326,14,134.311068
3.382123,4,134.38499
6.162942,7,134.485975
6.173699,7,134.627262
6.980174,8,134.771249
8.059265,9,134.965144
12.752943,14,135.271748
7.292455,8,135.435289
13.078457,14,135.698636
4.331454,5,135.833904
4.401481,5,135.922551
3.422222,4,135.999566
13.078457,14,136.252862
13.050679,14,136.551965
13.800679,15,136.89941
4.380339,5,136.982376
13.745123,15,137.261955
13.856234,15,137.513535
13.911513,15,137.812083
4.316765,5,137.893203
13.078457,14,138.174402
6.252945,7,138.313742
8.059265,9,138.474932
4.422222,5,138.562492
6.136239,7,138.712297
4.364056,5,138.797679
12.218331,14,139.116215
3.422222,4,139.199522
3.364056,4,139.275396
11.41999,14,139.519468
6.241405,7,139.671713
11.41999,14,139.927995
12.218331,14,140.211525
11.916933,15,140.515625
12.549718,15,140.769539
4.13446,5,140.891234
12.59578,15,141.139711
12.577496,15,141.434809
5.820167,7,141.581962
6.652744,8,141.730868
10.167653,12,141.958461
12.633051,15,142.349447
11.41999,14,142.655019
5.237991,6,142.790896
8.031487,9,142.98163
6.275128,7,143.199804
8.06402,9,143.366262
11.41999,14,143.633594
13.078457,14,143.930902
3.422222,4,144.004418
13.384012,15,144.338507
13.856234,15,144.594102
4.249538,5,144.716228
4.380339,5,144.79953
4.235642,5,144.879147
13.91179,15,145.169488
11.41999,14,145.411795
12.856226,14,145.689168
4.347945,5,145.76956
7.024867,8,145.914922
3.303054,4,145.986373
5.275128,6,146.11551
11.835677,15,146.355783
6.104346,7,146.493857
6.257396,7,146.632317
4.228987,5,146.716355
4.109232,5,146.794466
6.241405,7,146.931465
6.275128,7,147.068259
5.331454,6,147.158719
8.059265,9,147.354574
3.401481,4,147.427031
6.904629,8,147.575768
3.401481,4,147.648377
11.41999,14,147.892122
11.41999,14,148.166555
5.295848,6,148.254704
13.050679,14,148.538537
4.394444,5,148.617822
5.307453,6,148.706457
8.059265,9,148.903775
5.295848,6,148.993603
12.995123,14,149.271205
12.995123,14,149.510428
3.255556,4,149.582211
3.338889,4,149.655785
5.173431,6,149.786197
12.051665,14,150.026596
3.326568,4,150.097819
13.076834,14,150.378361
11.41999,14,150.627919
12.218331,14,150.906525
13.078457,14,151.146441
4.347193,5,151.23419
7.086718,8,151.378163
7.087433,8,151.525766
11.972488,15,151.815881
8.059265,9,151.975139
6.265912,7,152.112208
7.257396,8,152.259327
6.185305,7,152.39782
6.959825,8,152.54831
4.401481,5,152.628954
4.316765,5,152.70909
8.06402,9,152.908
8.06402,9,153.067002
6.884454,8,153.212937
4.347193,5,153.294654
4.422222,5,153.374667
4.444444,5,153.502288
8.059265,9,153.663442
9.988293,12,153.886179
11.53646,13,154.116044
11.53646,13,154.350072
6.831764,8,154.500553
4.444444,5,154.618698
7.133522,8,154.764434
3.331454,4,154.83976
5.128279,6,154.92778
5.182258,6,155.05516
3.364056,4,155.126101
10.319987,13,155.39619
12.218331,14,155.669663
7.10483,8,155.81691
8.059265,9,156.012909
4.363553,5,156.098311
13.856234,15,156.389103
12.218331,14,156.628967
4.275277,5,156.709392
3.303054,4,156.785001
12.27384,14,157.062447
6.976091,8,157.214701
4.336278,5,157.295035
13.050679,14,157.579575
13.689568,15,157.853801
5.182579,6,157.983231
3.364056,4,158.054897
6.238134,7,158.198837
3.331454,4,158.278989
6.162942,7,158.379647
8.059265,9,158.581641
6.265912,7,158.681906
3.336278,4,158.753653
5.347193,6,158.881095
5.303054,6,158.969946
3.422222,4,159.048128
3.382123,4,159.120084
4.401481,5,159.239048
13.078457,14,159.539709
13.078457,14,159.843532
4.290258,5,159.932572
4.227778,5,160.019753
4.401481,5,160.163343
13.078457,14,160.459616
3.347945,4,160.535751
13.745123,15,160.874974
14.689568,17,161.205422
12.633051,15,161.499932
7.858198,9,161.663528
5.235642,6,161.756478
4.444444,5,161.886827
4.422222,5,161.976109
6.921083,8,162.129839
8.059265,9,162.288351
4.422222,5,162.368559
9.699727,12,162.595365
13.078457,14,162.877928
13.022901,14,163.117395
5.307453,6,163.24487
4.364056,5,163.328325
8.923991,11,163.541743
9.443745,12,163.761219
4.347193,5,163.843341
7.257396,8,164.016482
7.671591,9,164.182223
4.364056,5,164.305125
4.382123,5,164.385758
4.444444,5,164.470323
3.364056,4,164.544917
13.078457,14,164.843072
4.237991,5,164.933628
11.968331,14,165.190452
6.162942,7,165.34794
9.455131,12,165.645762
13.078457,14,165.948449
11.392212,14,166.210966
3.422222,4,166.295126
7.557493,9,166.490225
13.73563,15,166.794707
7.975932,9,166.970318
6.265912,7,167.120737
4.444444,5,167.203849
8.031487,9,167.42212
8.031487,9,167.585602
4.401481,5,167.667403
4.055556,5,167.748659
8.00371,9,167.951638
7.948154,9,168.116669
6.258191,7,168.264272
11.230052,12,168.556329
6.276234,7,168.658647
8.059265,9,168.868932
13.800679,15,169.180909
4.444444,5,169.306041
13.078457,14,169.566817
4.444444,5,169.654827
5.307453,6,169.801193
5.319963,6,169.892717
4.382123,5,170.015239
4.347193,5,170.102536
6.276234,7,170.245377
3.422222,4,170.31982
13.078457,14,170.573442
5.316765,6,170.703195
8.06402,9,170.867038
11.972488,15,171.173034
4.401481,5,171.269026
6.276234,7,171.41519
6.249538,7,171.522173
3.364056,4,171.608821
5.249538,6,171.746051
5.275128,6,171.842146
11.41999,14,172.123705
6.162942,7,172.269477
6.921083,8,172.423592
6.185305,7,172.530452
3.444444,4,172.617004
5.265912,6,172.748138
13.078457,14,173.038317
12.218331,14,173.340596
6.121079,7,173.485527
11.41999,14,173.730471
4.347193,5,173.819821
6.125202,7,173.979716
3.401481,4,174.058646
6.197814,7,174.202398
6.185305,7,174.360091
5.366673,6,174.45831
4.247054,5,174.553893
6.173699,7,174.697519
8.059265,9,174.873717
4.207037,5,175.063755
8.06402,9,175.240172
6.934709,8,175.397003
3.382123,4,175.46957
3.401481,4,175.550421
8.059265,9,175.733753
5.278315,6,175.876823
8.031487,9,176.058627
8.031487,9,176.228879
4.233431,5,176.312204
7.892598,9,176.577183
10.095817,12,176.810125
12.134998,14,177.06006
5.775899,7,177.210233
5.861111,7,177.357624
10.563375,12,177.584877
11.41999,14,177.849202
11.41999,14,178.155719
13.078457,14,178.429246
11.41999,14,178.736095
3.444444,4,178.822749
5.127023,6,178.923526
5.267168,6,179.06054
5.206925,6,179.156454
6.21129,7,179.307457
6.88732,8,179.53389
8.06402,9,179.713239
6.162942,7,179.884066
7.257396,8,180.041915
4.316765,5,180.134119
7.017112,8,180.288272
6.216742,7,180.427665
9.948271,12,180.664387
4.422222,5,180.74565
8.059265,9,180.912633
12.218331,14,181.214419
4.331454,5,181.30777
6.980174,8,181.464308
8.031487,9,181.630231
4.444444,5,181.760237
6.162942,7,181.866703
6.197814,7,182.015412
7.003173,8,182.175847
15.189568,17,182.501843
11.913753,14,182.800319
8.68993,10,182.967266
13.078457,14,183.251146
5.024832,6,183.343636
8.059265,9,183.55977
6.909623,8,183.71625
4.210213,5,183.80138
8.059265,9,183.971997
8.059265,9,184.139896
4.958071,6,184.271416
6.275128,7,184.429088
6.241405,7,184.527481
12.752943,14,184.838766
6.213627,7,184.985423
8.059265,9,185.155073
3.382123,4,185.284001
6.324993,7,185.43681
8.059265,9,185.605195
8.059265,9,185.819855
4.444444,5,185.917612
7.003173,8,186.077554
8.680289,10,186.29927
4.1881,5,186.384215
9.467704,11,186.610481
3.194444,4,186.68311
7.911456,9,186.838991
8.059265,9,187.012527
6.276234,7,187.158149
4.331454,5,187.252961
4.235642,5,187.383926
13.856234,15,187.640551
3.394444,4,187.714363
14.41179,16,188.039415
7.975932,9,188.262677
6.849073,8,188.454654
5.26248,6,188.553662
7.975932,9,188.734173
10.190595,12,189.000756
8.031487,9,189.215747
6.276234,7,189.324874
6.950777,8,189.486011
4.331454,5,189.627594
7.079618,8,189.784044
4.247054,5,189.870805
8.031487,9,190.038585
6.88732,8,190.247105
8.059265,9,190.438191
5.206925,6,190.585662
4.401481,5,190.693483
8.059265,9,190.872059
8.059265,9,191.089278
3.331454,4,191.16929
8.059265,9,191.358338
8.059265,9,191.530178
6.258191,7,191.688517
6.162942,7,191.83193
7.257396,8,191.98793
5.868424,7,192.090475
5.034542,6,192.224584
4.177876,5,192.306317
6.98939,8,192.483463
6.083871,7,192.630847
5.111648,6,192.733606
4.225167,5,192.86512
11.308879,14,193.125308
6.967279,8,193.271333
11.835677,15,193.574591
13.717346,15,193.905756
13.66179,15,194.162114
12.688607,15,194.455086
5.303054,6,194.587888
7.277809,8,194.741517
3.401481,4,194.819528
6.225797,7,194.930777
4.382123,5,195.06423
8.059265,9,195.301584
3.053054,4,195.382893
6.871485,8,195.534936
4.364056,5,195.624739
5.237991,6,195.756422
5.303054,6,195.849777
4.444444,5,195.942633
6.265912,7,196.105224
5.882123,7,196.247054
5.764407,7,196.389291
12.939568,15,196.648297
4.750181,6,196.784619
10.972488,15,197.086829
8.413045,10,197.254767
12.549718,15,197.54582
12.995123,15,197.861374
5.154658,6,197.971954
8.059265,9,198.14732
6.959825,8,198.301051
4.382123,5,198.48209
3.401481,4,198.557143
13.856234,15,198.810299
11.94471,15,199.108902
8.059265,9,199.270207
4.347193,5,199.437144
6.140332,7,199.540338
5.128279,6,199.668141
7.628943,9,199.826147
8.031487,9,200.002801
4.363553,5,200.137221
13.939568,16,200.440403
6.16811,7,200.537834
6.232197,7,200.67535
4.444444,5,200.757547
4.382123,5,200.882884
7.724104,9,201.041276
6.959825,8,201.195062
6.934709,8,201.352347
3.975167,5,201.434169
10.614434,14,201.72089
3.394444,4,201.795135
6.185849,7,201.895472
7.174063,8,202.044865
6.185849,7,202.184015
4.347193,5,202.265271
4.256764,5,202.387567
8.059265,9,202.546014
7.830435,9,202.707326
5.256764,6,202.83689
6.265912,7,202.945921
5.774575,7,203.081533
13.772901,15,203.369804
5.250537,6,203.460822
6.21129,7,203.602245
6.242299,7,203.741584
3.347193,4,203.874133
3.401481,4,203.950032
6.258191,7,204.089416
5.034542,6,204.178206
12.218331,14,204.454966
14.41179,16,204.745544
5.303054,6,204.838176
6.27061,7,204.976385
13.745123,15,205.256411
12.744728,17,205.550134
13.891832,17,205.852427
13.772901,15,206.144293
8.059265,9,206.301174
5.990292,7,206.438325
6.265912,7,206.578722
3.303054,4,206.651646
12.725165,14,206.892005
4.318148,5,206.971958
6.826289,8,207.122492
11.833599,15,207.405438
4.098781,5,207.48682
12.52194,15,207.766268
12.549718,15,208.050585
8.530198,10,208.212304
11.833599,15,208.502546
12.752943,15,208.787165
12.66961,15,209.071149
4.363553,5,209.151182
6.037272,7,209.286037
5.316765,6,209.373803
4.237991,5,209.456197
8.06402,9,209.653784
4.205654,5,209.734202
13.772901,15,210.019885
3.28022,4,210.093034
12.549718,15,210.335768
15.189568,17,210.685851
13.384012,15,210.934116
12.752943,14,211.217845
6.950777,8,211.362628
7.904861,9,211.517477
5.226841,6,211.644544
13.724641,16,211.941964
8.680289,10,212.102389
12.633051,15,212.383712
3.380339,4,212.456875
12.577496,15,212.740667
13.856234,15,213.007101
11.889155,15,213.358988
4.265912,5,213.440757
7.10483,8,213.589578
11.861377,15,213.879228
13.689568,15,214.155132
12.800679,15,214.438414
6.994226,8,214.585134
13.828457,15,214.825236
11.889155,15,215.114931
5.1881,6,215.241554
3.401481,4,215.315151
11.891233,15,215.558804
11.889155,15,215.839917
5.166848,6,215.965899
11.331977,15,216.209431
12.245123,14,216.487906
6.950777,8,216.635932
8.031487,9,216.792186
5.278315,6,216.924042
6.697872,8,217.06853
6.185305,7,217.165124
4.247488,5,217.285006
12.725165,14,217.527373
3.347193,4,217.598783
13.050679,14,217.882369
11.392212,14,218.123318
6.942771,8,218.27117
6.097424,7,218.408457
7.975932,9,218.56747
6.915098,8,218.715022
5.278315,6,218.844189
4.382123,5,218.928136
11.889155,15,219.205182
9.299749,12,219.433369
11.805821,15,219.687456
11.833599,15,219.982902
10.696944,12,220.208142
5.326012,6,220.359539
4.303054,5,220.44316
7.696327,9,220.608042
3.401481,4,220.683338
8.031487,9,220.844706
4.373704,5,220.972822
11.392212,14,221.212811
4.127023,5,221.293676
3.422222,4,221.365536
3.364056,4,221.443737
5.333438,6,221.572821
7.049781,8,221.715733
3.347945,4,221.786603
6.984285,8,221.935938
13.050679,14,222.178749
3.316765,4,222.251294
7.901231,9,222.441763
11.833599,15,222.702729
13.745123,15,222.981982
3.292185,4,223.052854
13.81734,15,223.346651
3.401481,4,223.41978
10.167653,12,223.642373
4.237991,5,223.721374
5.237991,6,223.849198
6.276234,7,223.947081
5.316765,6,224.074377
6.916611,8,224.218026
6.257396,7,224.356012
8.059265,9,224.516017
4.237991,5,224.597258
6.114686,7,224.73265
4.290258,5,224.811933
8.031487,9,224.970617
8.031487,9,225.167133
4.444444,5,225.246683
6.198019,7,225.385169
5.194982,6,225.476097
3.388889,4,225.548151
3.275899,4,225.621909
11.861377,15,225.911549
15.217346,17,226.216706
3.382123,4,226.288498
3.422222,4,226.359464
12.218331,14,226.653199
7.975932,9,226.814043
11.143206,14,227.07079
5.203037,6,227.197824
4.126102,5,227.279048
6.995056,8,227.426934
3.280723,4,227.501404
12.967346,14,227.778487
6.277778,7,227.875309
6.881845,8,228.026032
7.975932,9,228.222212
11.364434,14,228.460764
13.050679,14,228.73079
11.392212,14,228.971929
7.975932,9,229.129468
6.225797,7,229.332826
5.275128,6,229.474714
13.050679,14,229.73113
4.194626,5,229.813285
3.398383,4,229.887447
3.380339,4,229.965097
8.650864,10,230.169503
12.633051,15,230.466561
12.633051,15,230.804519
8.650864,10,231.01761
15.189568,17,231.339166
7.902515,9,231.502243
7.975932,9,231.720644
7.975932,9,231.89898
5.206925,6,231.99972
6.909623,8,232.153247
6.927609,8,232.303552
11.466052,14,232.588047
7.975932,9,232.753019
5.01667,6,232.886974
4.319963,5,232.970812
4.207864,5,233.050615
13.828457,15,233.336357
15.245123,17,233.650845
11.889155,15,233.953476
7.774197,9,234.13295
4.318148,5,234.221534
7.892598,9,234.423846
6.107387,7,234.527806
3.331454,4,234.600901
7.975932,9,234.804047
11.916933,15,235.056506
11.916933,15,235.355296
8.680289,10,235.558812
7.975932,9,235.721298
7.087433,8,235.934161
11.889155,15,236.241939
3.380339,4,236.316687
7.842258,9,236.478932
7.975932,9,236.641626
9.001395,11,236.865265
4.303054,5,236.967421
8.059265,9,237.143349
7.975932,9,237.345589
6.980174,8,237.495653
5.347193,6,237.588744
5.303054,6,237.71888
11.170983,14,237.979704
3.318148,4,238.05842
3.28022,4,238.134747
13.467346,15,238.435312
8.66179,10,238.607982
12.605273,15,238.900836
3.319963,4,238.974538
4.176639,5,239.058498
4.182115,5,239.188948
12.605273,15,239.447658
13.745123,15,239.749515
13.300679,15,240.056262
13.828457,15,240.354539
13.800679,15,240.619204
8.652511,10,240.833537
3.380339,4,240.90969
13.66179,15,241.193296
8.551038,10,241.358438
13.717346,15,241.654719
13.717346,15,241.964013
3.370605,4,242.036492
9.439926,11,242.212088
12.577496,15,242.546641
13.717346,15,242.839163
7.059265,8,243.005484
4.422222,5,243.08848
7.975932,9,243.260896
6.242299,7,243.416303
6.185305,7,243.568415
5.219276,6,243.662849
6.942419,8,243.816831
4.331454,5,243.956629
3.207037,4,244.093685
3.382123,4,244.171233
6.258191,7,244.28173
11.143206,14,244.62964
12.218331,14,244.888138
13.745123,15,245.195809
8.650864,10,245.403521
13.828457,15,245.665867
3.354346,4,245.739716
8.031487,9,245.940346
6.198019,7,246.044255
4.150098,5,246.16844
3.366667,4,246.248374
4.182436,5,246.33532
4.043547,5,246.415679
11.336657,14,246.699401
3.29879,4,246.778509
11.336657,14,247.0239
4.225167,5,247.108955
13.717346,15,247.403658
3.220343,4,247.476028
8.551038,10,247.686385
12.162776,14,247.942267
3.401481,4,248.029259
7.975932,9,248.199519
13.078457,14,248.493578
7.009116,8,248.646224
5.23871,6,248.738229
3.243235,4,248.81435
7.975932,9,249.029224
13.050679,14,249.269821
11.392212,14,249.55878
11.364434,14,249.817325
12.939568,14,250.091998
7.09073,8,250.241324
11.225546,14,250.487536
6.94183,8,250.641138
3.354346,4,250.711874
11.392212,14,250.995023
7.659199,9,251.15612
3.382123,4,251.227796
5.267168,6,251.316611
4.237991,5,251.437693
8.031487,9,251.596817
3.444444,4,251.670293
11.41999,14,251.906524
4.380339,5,252.026093
12.218331,14,252.270233
13.791185,15,252.557708
13.745123,15,252.847046
4.182115,5,252.928754
13.856234,15,253.259029
7.892026,9,253.414749
8.642333,10,253.58814
3.444444,4,253.662454
13.856234,15,253.954656
4.422222,5,254.034932
7.539307,9,254.2363
4.305556,5,254.316417
4.364056,5,254.400229
3.347193,4,254.4739
4.382123,5,254.556729
7.975932,9,254.753133
3.364056,4,254.825045
4.364056,5,254.904508
13.856234,15,255.191917
13.772901,15,255.438496
4.191943,5,255.562632
12.995123,14,255.80454
5.208299,6,255.931523
5.179251,6,256.019718
6.915098,8,256.169586
5.347193,6,256.297478
7.975932,9,256.45542
11.466052,14,256.691695
4.331454,5,256.818582
4.364056,5,256.903424
5.229618,6,256.991073
5.156959,6,257.123813
13.050679,14,257.37207
11.41999,14,257.65387
7.975932,9,257.811114
5.256764,6,257.939038
7.975932,9,258.09698
3.444444,4,258.168519
11.392212,14,258.415267
3.361111,4,258.488135
4.152308,5,258.612972
11.69471,15,258.865544
7.874737,9,259.059123
12.790224,15,259.309942
5.295848,6,259.442836
13.124518,14,259.690283
4.316765,5,259.813841
3.401481,4,259.887215
11.52156,14,260.13469
4.093096,5,260.214209
11.141591,15,260.505153
14.495123,16,260.805746
4.135943,5,260.88849
11.392212,14,261.172609
7.095823,8,261.317424
5.189341,6,261.40564
11.392212,14,261.686689
7.793634,9,261.842425
11.281101,14,262.115726
5.100501,6,262.204725
12.10722,14,262.490828
3.422222,4,262.563258
12.624518,14,262.801929
5.290258,6,262.928963
6.241405,7,263.028952
5.331454,6,263.155011
3.331454,4,263.227325
3.123704,4,263.297971
6.197814,7,263.438081
5.237991,6,263.526649
4.267168,5,263.606743
6.904629,8,263.752675
6.275128,7,263.893372
4.247054,5,263.973362
4.364056,5,264.091186
3.316765,4,264.162192
11.226492,14,264.407903
13.078457,14,264.684116
11.916933,15,264.924246
14.541185,16,265.222598
11.735352,13,265.496812
3.363553,4,265.568785
12.264393,14,265.812881
10.67831,14,266.092002
13.717346,15,266.344061
14.457852,16,266.634874
11.466052,14,266.91805
11.115428,14,267.160828
7.511529,9,267.359655
7.975932,9,267.515183
6.276234,7,267.649057
7.948154,9,267.806531
8.055677,10,267.97212
7.975932,9,268.167344
6.844276,8,268.312648
11.253323,14,268.547266
13.800679,15,268.836122
13.720949,16,269.124886
8.086896,11,269.332252
11.078815,13,269.557624
13.078457,14,269.797422
7.003868,8,269.944191
3.401481,4,270.01572
7.975932,9,270.21283
7.07839,8,270.359728
11.466052,14,270.602059
13.729396,16,270.899015
13.856234,15,271.183126
4.275899,5,271.269007
13.050679,14,271.550463
7.072341,8,271.697511
8.607489,10,271.856006
13.078457,14,272.135596
5.197872,6,272.223197
11.216052,14,272.496642
4.370605,5,272.576822
12.319901,14,272.821219
13.66179,15,273.109023
13.707852,15,273.38905
10.858968,14,273.629641
13.096741,14,273.908545
5.245363,6,273.996866
4.303676,5,274.117669
6.26386,7,274.214566
7.975932,9,274.413615
7.975932,9,274.570661
9.566792,12,274.871593
4.176345,5,274.953378
8.607489,10,275.152335
7.003868,8,275.298442
11.170983,14,275.539408
7.04141,8,275.687548
5.207644,6,275.816971
11.392212,14,276.05172
12.264393,14,276.328301
5.220343,6,276.41539
11.466052,14,276.69128
11.170983,14,276.931579
5.207644,6,277.057407
7.849189,9,277.210849
4.288987,5,277.291797
7.975932,9,277.453249
5.231985,6,277.581057
11.466052,14,277.820092
3.380339,4,277.894257
8.62723,10,278.092229
11.466052,14,278.330471
7.087433,8,278.480275
7.975932,9,278.680993
5.295848,6,278.767917
4.06232,5,278.847183
4.318148,5,278.971951
4.220343,5,279.073028
7.892598,9,279.230787
7.892598,9,279.383747
4.333333,5,279.50409
8.00371,9,279.660332
3.361111,4,279.735769
6.220679,7,279.873209
6.844276,8,280.021023
6.090366,7,280.121783
6.230413,7,280.258938
6.904629,8,280.416523
7.975932,9,280.574473
7.975932,9,280.774625
13.91179,15,281.047178
13.050679,14,281.324004
7.975932,9,281.497032
11.41999,14,281.781822
11.41999,14,282.019582
7.07839,8,282.161512
7.829753,9,282.314953
12.74445,17,282.657025
15.189568,17,282.961142
15.189568,17,283.271115
12.689172,17,283.572179
4.201726,5,283.696394
8.613531,10,283.86188
13.078457,14,284.146183
11.392212,14,284.388535
13.856234,15,284.679977
13.856234,15,284.974575
11.41999,14,285.208154
4.1881,5,285.288893
13.050679,14,285.575744
11.41999,14,285.822145
8.571384,10,286.026631
4.176345,5,286.107061
9.61412,12,286.336643
6.133522,7,286.477681
12.438607,15,286.763873
13.16179,15,287.012601
11.281101,14,287.296828
11.225546,14,287.540632
3.29037,4,287.611782
10.83765,14,287.888535
12.995123,14,288.129455
3.233431,4,288.201424
6.864667,8,288.349479
5.996285,7,288.490654
7.842451,9,288.647243
11.308879,14,288.922843
12.995123,14,289.16202
13.078457,14,289.441608
13.856234,15,289.727762
13.078457,14,289.971333
4.363553,5,290.051564
7.975932,9,290.252771
11.143206,14,290.499089
6.183512,7,290.637634
4.956343,6,290.724108
7.821412,9,290.916002
10.32667,12,291.138067
13.66179,15,291.378166
7.066505,9,291.580591
7.772899,9,291.735753
13.66179,15,292.025693
6.054012,7,292.124081
12.772901,14,292.400041
6.892757,8,292.551248
10.697768,14,292.797762
7.257396,8,292.94787
6.969608,8,293.098652
7.050612,8,293.244623
6.975778,8,293.446335
4.347193,5,293.568352
12.190554,14,293.806646
7.975932,9,293.966093
5.068975,6,294.137368
11.392212,14,294.378511
3.318148,4,294.452933
5.125514,6,294.585372
7.031162,8,294.737085
12.079443,14,294.977735
10.285682,12,295.200672
12.391832,14,295.487366
4.318148,5,295.568929
6.156057,7,295.70738
4.30566,5,295.788256
7.07839,8,295.932925
5.020077,6,296.062431
5.206925,6,296.1526
7.095823,8,296.301298
13.800679,15,296.595363
11.392212,14,296.832936
4.326568,5,296.959051
11.807899,15,297.199042
11.364434,14,297.476727
5.160322,6,297.56822
3.252945,4,297.643968
5.154337,6,297.772046
9.69675,12,297.997146
11.735352,13,298.234806
3.373704,4,298.30779
3.373704,4,298.380903
12.604279,14,298.65277
12.114054,14,298.896874
11.447767,14,299.174762
3.363553,4,299.247148
13.134004,14,299.493112
3.363553,4,299.567868
13.078457,14,299.84632
11.392212,14,300.08341
5.111648,6,300.213652
5.26807,6,300.30452
5.154658,6,300.435669
5.206925,6,300.525366
6.88732,8,300.676226
7.948154,9,300.867324
7.920376,9,301.108982
6.994226,8,301.273827
8.059265,9,301.456488
7.10483,8,301.612098
7.07839,8,301.760124
3.416667,4,301.832642
12.218331,14,302.087676
13.078457,14,302.373772
7.856232,9,302.621671
11.916933,15,302.941123
11.41999,14,303.193061
7.483215,9,303.393103
11.41999,14,303.637182
3.398383,4,303.710428
4.242299,5,303.796891
11.916933,15,304.101648
12.52194,15,304.384991
12.135875,16,304.706576
7.808012,9,304.86287
6.969608,8,305.015704
13.124518,14,305.302611
3.444444,4,305.37586
7.975932,9,305.537512
7.036894,8,305.704239
3.398383,4,305.776805
11.41999,14,306.020034
8.620004,10,306.225403
13.856234,15,306.520324
4.176639,5,306.60745
11.466052,14,306.857002
4.242299,5,306.982214
13.078457,14,307.228345
6.904629,8,307.37496
4.333438,5,307.456432
11.225537,14,307.742829
8.06402,9,307.904557
8.06402,9,308.063845
5.176345,6,308.194937
4.18615,5,308.274719
12.023887,14,308.556193
14.328457,17,308.864537
15.189568,17,309.177211
14.439568,16,309.479914
6.943916,8,309.632866
4.146217,5,309.742159
6.276234,7,309.884851
3.422222,4,309.961486
13.124518,14,310.258129
5.207644,6,310.346575
6.198019,7,310.495513
5.292771,6,310.583473
4.242299,5,310.712254
6.21129,7,310.813255
11.41999,14,311.102189
7.013645,8,311.253941
6.909623,8,311.404961
13.91179,15,311.705121
7.975932,9,311.864673
7.975932,9,312.027984
11.466052,14,312.324586
4.071325,5,312.407726
6.975778,8,312.557027
7.975932,9,312.717238
7.975932,9,312.880212
7.975932,9,313.097962
7.049781,8,313.247949
12.44738,14,313.506479
7.814687,9,313.673606
12.661394,17,314.022526
12.249703,16,314.318246
6.981338,8,314.467858
7.975932,9,314.630897
5.118507,6,314.722258
3.363553,4,314.798128
12.218331,14,315.088796
7.079618,8,315.241026
5.861111,7,315.381852
5.145673,6,315.474323
7.975932,9,315.634992
6.029733,7,315.79009
3.398383,4,315.864027
7.007827,8,316.019503
5.196567,6,316.151394
10.389875,12,316.400097
7.975932,9,316.559933
7.10483,8,316.707981
7.589,9,316.873739
14.624518,16,317.193668
12.273887,14,317.476144
4.201726,5,317.560673
12.190552,14,317.835632
4.146217,5,317.969657
13.078457,14,318.230737
4.416667,5,318.31652
5.1881,6,318.45555
3.380339,4,318.53618
4.153617,5,318.627875
3.347945,4,318.704633
13.384012,15,319.02772
11.170983,14,319.299678
15.189568,17,319.692424
15.291185,17,320.030737
13.800679,15,320.338923
7.975932,9,320.52234
7.975932,9,320.690837
7.040268,8,320.845625
3.444444,4,320.919369
10.343162,12,321.193123
4.173431,5,321.2772
5.231985,6,321.408309
7.050612,8,321.557263
11.716385,14,321.811085
9.755283,12,322.036304
12.995123,14,322.340376
11.392212,14,322.577383
7.975932,9,322.782399
13.078457,14,323.030514
13.078457,14,323.309889
6.909623,8,323.45904
7.049781,8,323.605546
7.975932,9,323.764473
6.959825,8,323.912153
11.641775,13,324.141362
7.975932,9,324.301375
5.163876,6,324.430881
7.948154,9,324.588659
8.06402,9,324.746028
7.975932,9,324.95757
7.975932,9,325.116479
7.940729,9,325.271883
7.975932,9,325.430596
7.036894,8,325.578661
4.225167,5,325.700749
3.319963,4,325.772399
7.975932,9,325.931341
13.050679,14,326.170601
7.036894,8,326.319131
13.078457,14,326.592723
6.967841,8,326.7466
10.893024,14,326.991358
8.93407,11,327.210783
7.065568,8,327.358168
8.434529,10,327.563093
8.324613,10,327.72816
7.07839,8,327.874677
13.745123,15,328.164601
11.392212,14,328.399953
11.972488,15,328.692413
12.162776,14,328.967193
11.41999,14,329.20319
7.040875,8,329.346617
13.051664,15,329.638975
9.637602,12,329.856016
5.196567,6,329.9487
5.194549,6,330.075568
6.879151,8,330.221558
11.41999,14,330.458209
7.975932,9,330.655567
4.18615,5,330.737776
8.031487,9,330.897124
7.257396,8,331.045499
5.201726,6,331.172865
6.919133,8,331.316897
12.121092,14,331.563257
11.41999,14,331.836273
4.416667,5,331.9159
6.959825,8,332.064605
4.257396,5,332.145691
7.114495,8,332.290429
10.972884,12,332.512771
13.050679,14,332.789666
12.218331,14,333.028916
12.744719,17,333.321959
15.189568,17,333.667497
12.318879,16,333.953163
6.932658,8,334.101534
11.494323,14,334.343124
13.078457,14,334.62309
7.07839,8,334.765548
13.745123,15,335.022752
13.050679,14,335.298316
11.364434,14,335.539329
12.995123,14,335.816001
4.035174,5,335.899916
11.438274,14,336.17979
4.098061,5,336.260242
3.363553,4,336.33283
5.247191,6,336.42428
12.41179,14,336.702177
11.619793,13,336.934442
13.078457,14,337.21154
12.995123,14,337.445783
8.618286,10,337.64637
13.856234,15,337.890765
4.12688,5,338.014341
6.736411,8,338.163057
4.090098,5,338.243705
12.995123,14,338.487416
12.135875,16,338.772807
12.135875,16,339.067242
15.189568,17,339.400485
7.975932,9,339.563044
3.380339,4,339.634461
12.44738,14,339.879583
5.285091,6,340.007427
6.937977,8,340.153465
11.41999,14,340.459657
11.972488,15,340.750695
11.91901,15,341.044367
4.106007,5,341.124807
7.787469,9,341.277678
11.972488,15,341.572446
5.989008,7,341.709652
3.264612,4,341.782714
7.920376,9,341.940585
12.624518,14,342.222912
12.624518,14,342.463078
9.453337,11,342.671051
12.939568,15,342.957885
5.283543,6,343.047967
11.41999,14,343.32817
7.009116,8,343.475127
7.09073,8,343.622455
12.596741,14,343.864447
5.042506,6,343.999172
7.920376,9,344.154751
7.975932,9,344.310054
13.078457,14,344.598267
12.190554,14,344.837734
6.138833,7,344.974373
7.050612,8,345.121393
3.416667,4,345.194113
6.276234,7,345.331453
7.065568,8,345.47933
6.875514,8,345.625353
7.975932,9,345.788003
7.975932,9,345.947684
6.879201,8,346.093992
13.134012,14,346.395756
7.009116,8,346.546296
5.284129,6,346.635563
4.114538,5,346.715437
4.283333,5,346.83423
10.697768,14,347.071607
12.633051,15,347.355662
13.800679,15,347.641939
4.146217,5,347.723466
7.049781,8,347.870039
7.842258,9,348.024614
12.218331,14,348.299825
13.134012,14,348.546498
13.078457,14,348.826561
9.460273,11,348.997321
8.62694,10,349.195985
11.41999,14,349.431148
13.745123,15,349.719528
7.864821,9,349.876506
11.889155,15,350.170142
4.062884,5,350.251736
3.236629,4,350.326356
13.217346,15,350.609091
7.734564,9,350.764819
6.653882,8,350.911448
3.914788,5,351.033561
5.673431,7,351.134766
13.078457,14,351.413168
12.218331,14,351.656179
6.542506,8,351.807511
4.737991,6,351.939774
3.830387,5,352.02213
10.167653,12,352.240041
6.088889,7,352.379815
6.85341,8,352.527558
12.217346,14,352.767905
7.975932,9,352.964463
7.975932,9,353.123912
13.106234,14,353.361467
10.956881,13,353.631195
6.866505,8,353.779681
7.975932,9,353.957216
13.856234,15,354.316284
6.981338,8,354.466453
5.068975,6,354.555643
4.145653,5,354.636718
7.975932,9,354.83581
7.975932,9,354.99669
7.975932,9,355.153082
6.241405,7,355.293814
7.975932,9,355.450981
5.158372,6,355.579128
5.941795,7,355.679568
6.989008,8,355.832104
5.916205,7,355.977146
7.892598,9,356.161448
11.530664,13,356.434398
6.135993,7,356.538511
11.641775,13,356.81052
6.057453,7,356.908317
11.669285,13,357.180074
7.022003,8,357.332535
8.031487,9,357.490817
11.466052,14,357.728943
8.097625,9,357.9234
7.087433,8,358.072252
5.199621,6,358.163689
6.241405,7,358.298674
7.975932,9,358.457712
3.398383,4,358.531458
13.872571,15,358.824237
9.524864,11,359.030522
13.689568,15,359.280272
12.333036,16,359.574155
13.828457,15,359.861831
13.134012,14,360.144278
6.225797,7,360.242772
6.838991,8,360.391221
12.218331,14,360.678686
4.158117,5,360.75885
4.980815,6,360.887293
13.078457,14,361.129748
13.856234,15,361.413204
13.050679,14,361.65015
7.257396,8,361.79529
4.207037,5,361.917616
7.257396,8,362.064266
5.206925,6,362.152583
5.199621,6,362.283591
6.276234,7,362.383943
6.241405,7,362.523522
7.856616,9,362.677016
10.727046,12,362.903528
8.180249,10,363.114654
6.995056,8,363.25942
5.230815,6,363.347785
6.994226,8,363.495416
4.154658,5,363.61799
13.689568,15,363.868531
4.146217,5,363.989206
8.059265,9,364.151191
7.975932,9,364.3116
8.059265,9,364.471896
6.942419,8,364.618624
6.182107,7,364.757541
7.975932,9,364.917385
3.347945,4,364.98951
6.838991,8,365.136423
5.058983,6,365.267917
6.993719,8,365.415832
6.755657,8,365.564046
5.111292,6,365.65232
7.975932,9,365.850607
7.81448,9,366.012293
4.237991,5,366.094625
6.914641,8,366.241149
5.182115,6,366.368408
3.363553,4,366.444089
5.093096,6,366.533527
7.009116,8,366.678504
5.176639,6,366.805039
4.347945,5,366.887791
3.347945,4,366.961957
6.079618,7,367.099243
6.950777,8,367.250222
11.41999,14,367.489706
4.398383,5,367.568995
3.398383,4,367.646626
13.134012,14,367.945577
11.170983,14,368.193844
11.059872,14,368.468904
7.257396,8,368.615967
13.022901,14,368.85249
11.225537,14,369.14074
7.257396,8,369.288333
7.257396,8,369.439544
3.444444,4,369.512555
6.096541,7,369.648886
6.812116,8,369.795062
8.579711,10,369.957713
4.182436,5,370.040662
13.078447,14,370.319435
13.883735,15,370.611447
13.856234,15,370.855691
6.921083,8,371.002672
13.91179,15,371.295925
7.589,9,371.456627
7.829753,9,371.649226
13.745123,15,371.896219
12.716385,15,372.191269
5.1881,6,372.319361
13.828457,15,372.564786
5.022411,6,372.693808
12.218331,14,372.934627
7.022003,8,373.082027
6.99709,8,373.22821
13.856234,15,373.517333
7.07839,8,373.667281
8.620004,10,373.866417
13.856234,15,374.130898
6.915098,8,374.285522
11.972488,15,374.581846
12.218331,14,374.864984
11.392212,14,375.105792
6.847522,8,375.252212
4.234815,5,375.337356
11.41999,14,375.614175
13.050679,14,375.854505
4.146217,5,375.977689
6.338889,7,376.077065
6.856679,8,376.226596
4.347945,5,376.343729
7.257396,8,376.493487
11.364434,14,376.732092
6.912238,8,376.877111
13.911789,15,377.164606
13.828457,15,377.458061
13.856234,15,377.710156
5.161563,6,377.83616
8.014388,9,377.992911
7.257396,8,378.139759
3.248121,4,378.214605
4.363553,5,378.295914
11.41999,14,378.573301
3.416667,4,378.644761
6.225797,7,378.784258
6.831044,8,378.933669
4.210213,5,379.04348
4.370605,5,379.124193
7.087433,8,379.274645
12.467345,14,379.556508
13.106234,14,379.79611
7.257396,8,379.947728
3.444444,4,380.0211
6.072794,7,380.162506
7.257396,8,380.309889
4.923979,6,380.397584
