#{"t_start": 1764113388.319852, "env_id": "merge-v0"}
r,l,t
6.151369,7,0.624487
6.038987,7,0.675163
3.422222,4,0.701258
8.22509,10,0.770033
11.96606,15,0.877331
9.124734,11,0.949619
6.166839,7,0.997419
6.058378,7,1.04623
4.125518,5,1.081016
3.303676,4,1.107996
7.545224,9,1.178262
7.542357,9,1.246873
8.624577,11,1.390436
6.154801,7,1.442457
12.522901,14,1.554417
4.094542,5,1.59045
3.852563,5,1.627805
12.085942,14,1.736947
5.972759,7,1.790362
9.477785,11,1.872489
4.116667,5,1.910278
6.185894,7,1.962506
5.736451,7,2.012874
13.02194,16,2.130243
12.246052,14,2.236825
4.921343,6,2.277885
4.169612,5,2.313854
4.931394,6,2.357645
10.387603,12,2.446662
4.138889,5,2.481825
4.109021,5,2.518302
4.163845,5,2.552374
7.724812,9,2.620217
8.281765,10,2.69288
14.180074,16,2.813497
6.439813,8,2.869542
5.275868,6,2.911617
6.179147,7,2.963398
5.151369,6,3.006395
7.141834,8,3.064216
8.046041,10,3.141765
3.971835,5,3.177314
5.74414,7,3.228306
6.913069,8,3.289011
6.040258,7,3.341623
7.062952,8,3.402701
6.74545,8,3.461196
6.833959,8,3.517117
4.196391,5,3.552037
11.488873,15,3.657507
6.058817,7,3.704707
6.877428,8,3.763112
5.819345,7,3.813424
8.554038,11,3.897266
4.105744,5,3.933562
3.208304,4,3.962654
13.16179,15,4.080096
7.974177,9,4.146279
10.981666,12,4.237765
5.040534,6,4.281019
10.235845,12,4.365529
5.068036,6,4.406944
10.762161,13,4.501508
4.095814,5,4.53735
11.194722,12,4.62602
3.114056,4,4.654166
10.639875,12,4.741258
11.66044,13,4.838964
6.766317,8,4.899813
6.933835,8,4.959301
13.872896,16,5.080999
6.130339,7,5.132862
3.192565,4,5.162794
3.895653,5,5.198382
6.804307,8,5.257345
9.16032,11,5.336873
11.450252,13,5.436087
6.901369,8,5.496299
3.197389,4,5.525384
4.011209,5,5.560411
3.333333,4,5.589204
7.211613,8,5.649021
5.959056,7,5.700907
6.921841,8,5.758259
7.728295,9,5.82424
3.213672,4,5.853229
7.017168,8,5.912609
7.100501,8,5.971631
4.227778,5,6.009443
7.49474,9,6.080483
8.015763,9,6.148056
6.587353,8,6.206522
5.942565,7,6.258976
4.169612,5,6.294877
5.032955,6,6.33736
6.135164,7,6.389435
4.261209,5,6.425778
4.373704,5,6.461912
4.901369,6,6.504603
8.126874,9,6.57243
6.01248,7,6.624715
6.232197,7,6.67676
8.038985,9,6.742625
3.331454,4,6.770778
5.305565,6,6.814358
6.09073,7,6.864858
3.366667,4,6.893063
8.126672,9,6.962507
7.363585,9,7.027435
6.356479,8,7.085224
5.201209,6,7.129734
3.361111,4,7.167978
7.00344,8,7.237681
10.445432,12,7.32901
4.105744,5,7.365241
5.929147,7,7.417398
7.687104,9,7.485029
5.214521,6,7.531962
5.100498,6,7.591909
6.194444,7,7.646026
11.563167,15,7.760577
7.281555,9,7.828267
4.85341,6,7.871929
3.354346,4,7.900052
6.21413,7,7.953173
5.156037,6,7.99638
9.121662,12,8.083584
6.094542,7,8.135446
6.943197,8,8.19818
8.222555,9,8.264907
10.140213,12,8.356443
6.153128,7,8.40741
6.262593,7,8.458813
5.810251,7,8.508355
6.139426,7,8.560613
4.141834,5,8.596778
5.247436,6,8.689989
6.18243,7,8.740515
6.207066,7,8.787894
7.597263,9,8.856108
4.124971,5,8.892525
5.275277,6,8.935814
4.259494,5,8.972366
5.151369,6,9.015055
7.208301,8,9.074385
6.902746,8,9.134149
7.211613,8,9.193098
6.822588,8,9.263838
6.294518,7,9.320082
4.136325,5,9.35859
3.345926,4,9.388811
3.932436,5,9.425042
7.035174,8,9.487506
10.665379,12,9.577369
3.382123,4,9.605745
5.956925,7,9.65803
4.930524,6,9.702701
6.151369,7,9.753463
3.416667,4,9.780543
5.234238,6,9.823528
5.179147,6,9.866365
6.635621,8,9.926367
5.139426,6,9.970359
8.693551,11,10.054779
3.903617,5,10.091204
7.013706,8,10.153513
3.363553,4,10.181188
6.077436,7,10.232323
3.401481,4,10.261542
6.702694,8,10.322019
6.874621,8,10.380789
7.23939,8,10.439734
4.024832,5,10.475107
7.291637,8,10.533757
6.970975,8,10.594228
3.444444,4,10.622226
3.422222,4,10.650892
10.362097,12,10.738548
3.401481,4,10.766505
4.288987,5,10.802071
3.382123,4,10.832446
6.041652,7,10.88397
10.584319,12,10.971395
6.832872,8,11.03026
6.262593,7,11.082627
12.519593,14,11.190516
4.250537,5,11.225901
7.099102,8,11.284065
3.292185,4,11.312378
6.220343,7,11.363876
4.186717,5,11.397951
5.26248,6,11.441127
4.29037,5,11.477844
5.167204,6,11.521525
7.156057,8,11.580737
7.746871,9,11.648432
5.123592,6,11.692314
6.98939,8,11.752015
4.366667,5,11.787849
7.211613,8,11.847755
6.244518,7,11.899203
6.980472,8,11.958785
3.373704,4,11.986997
13.3059,15,12.097229
10.639875,12,12.192495
13.272901,15,12.305542
8.125661,9,12.372363
6.114536,7,12.421474
6.225045,7,12.473857
3.416667,4,12.503182
7.267168,8,12.562705
3.444444,4,12.590726
6.225045,7,12.643125
11.277778,12,12.731493
5.183835,6,12.774228
4.278315,5,12.808849
7.211613,8,12.869326
4.271012,5,12.904882
7.183835,8,12.965035
5.117875,6,13.008718
4.167204,5,13.045805
4.060367,5,13.081557
3.252945,4,13.110422
4.191943,5,13.148429
3.280723,4,13.177746
6.291621,7,13.228236
3.319415,4,13.257813
6.275868,7,13.309688
3.354346,4,13.339307
4.373704,5,13.375144
7.23939,8,13.43402
6.272296,7,13.484741
7.23939,8,13.546567
7.23939,8,13.605514
5.346065,6,13.647303
5.914166,7,13.697371
3.382123,4,13.726001
3.401481,4,13.75429
6.993922,8,13.816353
3.331454,4,13.844928
7.267168,8,13.90633
5.257396,6,13.950284
6.159901,7,14.0015
6.209306,7,14.051203
6.322296,7,14.104022
5.249538,6,14.14865
6.223778,7,14.197989
5.035174,6,14.241932
4.207864,5,14.279449
4.176639,5,14.314941
7.267168,8,14.374985
3.347945,4,14.403529
6.265912,7,14.456377
6.225797,7,14.508519
3.319963,4,14.537103
4.967841,6,14.57885
6.070167,7,14.631449
4.363553,5,14.667228
6.107387,7,14.719403
6.185305,7,14.769253
4.235642,5,14.805016
3.401481,4,14.833468
4.380339,5,14.869302
3.398383,4,14.899662
7.003683,8,14.966861
5.171645,6,15.013244
4.257396,5,15.048299
5.171645,6,15.092923
5.242299,6,15.136778
7.267168,8,15.196149
3.401481,4,15.224235
7.257396,8,15.284531
7.257396,8,15.345641
6.86877,8,15.407365
3.444444,4,15.43596
11.174487,12,15.528768
7.26386,8,15.59239
7.267168,8,15.65273
5.011209,6,15.696237
4.283333,5,15.731939
10.612097,12,15.824015
6.300074,7,15.875572
7.257396,8,15.935308
4.363553,5,15.970672
6.294518,7,16.023797
6.275128,7,16.074549
6.180906,7,16.125681
7.257396,8,16.184536
6.056999,7,16.238649
7.274844,8,16.298262
3.291637,4,16.326915
6.896704,8,16.390073
6.244554,7,16.444497
6.194616,7,16.496121
6.291543,7,16.549199
10.750986,12,16.64147
5.234703,6,16.687704
11.285598,12,16.779911
4.261209,5,16.814302
4.182436,5,16.849371
3.291637,4,16.878591
7.211613,8,16.939755
6.216741,7,16.99293
5.182436,6,17.036901
7.23939,8,17.100918
6.056999,7,17.158094
4.3085,5,17.19437
6.943197,8,17.256849
7.257396,8,17.319283
11.694444,12,17.417594
5.1881,6,17.47131
6.056093,7,17.569524
7.257396,8,17.655597
5.219276,6,17.697958
7.257396,8,17.759383
6.156057,7,17.811977
11.202264,12,17.905237
6.194616,7,17.95838
6.196024,7,18.010209
5.219276,6,18.056155
4.444444,5,18.093404
3.422222,4,18.122323
3.364056,4,18.150822
7.267168,8,18.21008
8.222224,9,18.285506
7.257396,8,18.348755
3.319415,4,18.379925
3.291637,4,18.40966
7.267168,8,18.471875
10.500986,12,18.570532
5.972759,7,18.634368
11.174487,12,18.734735
6.228987,7,18.798729
4.382123,5,18.838009
4.382123,5,18.881764
4.303054,5,18.941025
7.263859,8,19.043297
7.267168,8,19.123232
7.267168,8,19.190063
4.347193,5,19.229988
7.267168,8,19.375233
5.23939,6,19.429346
6.153128,7,19.485347
7.267168,8,19.557186
3.280723,4,19.59395
7.23939,8,19.665315
7.267168,8,19.732015
6.181528,7,19.804466
7.267168,8,19.887562
6.943197,8,19.958629
4.319415,5,20.020931
7.23939,8,20.137462
4.220343,5,20.181056
6.056999,7,20.25575
7.229618,8,20.328801
3.354346,4,20.360122
7.23939,8,20.432146
7.211613,8,20.495487
6.247054,7,20.586683
7.267168,8,20.799904
3.345926,4,20.905177
7.211613,8,21.056354
6.100501,7,21.173708
4.126702,5,21.23494
11.146709,12,21.404809
7.267168,8,21.47464
6.300074,7,21.538275
6.278315,7,21.599343
3.364056,4,21.632818
6.140332,7,21.695181
6.180906,7,21.760122
3.444444,4,21.793586
5.267168,6,21.848183
11.202264,12,21.955405
6.300074,7,22.014772
7.267168,8,22.082385
4.331454,5,22.12301
8.126879,9,22.203479
7.267168,8,22.270582
6.322296,7,22.327251
6.927948,8,22.395322
5.956925,7,22.453645
6.181528,7,22.509863
6.279333,7,22.567802
6.259975,7,22.648844
6.207037,7,22.71189
6.16811,7,22.78205
6.169612,7,22.847445
11.202264,12,22.953751
6.232197,7,23.009449
3.326568,4,23.040609
7.211613,8,23.108781
4.394444,5,23.15249
4.26386,5,23.193016
6.169489,7,23.251059
6.15375,7,23.307862
4.338889,5,23.349349
5.128279,6,23.396898
5.233431,6,23.445656
8.043339,9,23.520841
7.23939,8,23.588616
6.300074,7,23.64612
7.257396,8,23.713326
4.237991,5,23.75372
4.987991,6,23.805452
5.247054,6,23.853874
6.806093,8,23.921524
4.316765,5,23.961386
5.267168,6,24.011541
6.2,7,24.070006
11.174487,12,24.172462
5.206925,6,24.222079
7.267168,8,24.290813
4.173431,5,24.330799
6.259975,7,24.385714
7.257396,8,24.450175
6.153128,7,24.510094
7.267168,8,24.574614
7.267168,8,24.637679
4.156057,5,24.676014
6.868926,8,24.745897
3.364056,4,24.777138
5.210213,6,24.824612
3.422222,4,24.856131
3.422222,4,24.887725
5.183835,6,24.937408
3.401481,4,24.967742
6.943197,8,25.035035
11.174487,12,25.139988
10.693157,12,25.239349
4.173431,5,25.279103
6.128279,7,25.337504
4.364056,5,25.378347
11.174487,12,25.480283
6.906414,8,25.548467
3.422222,4,25.580242
6.318172,7,25.638839
7.291621,8,25.703286
6.259975,7,25.759874
7.267168,8,25.827088
3.354346,4,25.869496
7.211613,8,25.95496
7.257396,8,26.021146
7.257396,8,26.123257
11.202264,12,26.235916
6.056093,7,26.297561
7.211613,8,26.365592
6.225045,7,26.422635
5.235642,6,26.472729
6.194982,7,26.529236
11.202264,12,26.628097
11.666667,12,26.722259
6.943197,8,26.788092
5.163721,6,26.833518
11.388889,12,26.926558
5.108165,6,26.971762
4.394444,5,27.011656
7.201841,8,27.07492
6.001443,7,27.129005
7.183835,8,27.194814
10.665379,12,27.293348
7.267168,8,27.358231
6.871841,8,27.423248
7.05261,8,27.489806
3.364056,4,27.523321
5.206925,6,27.572051
11.341153,12,27.671406
11.396709,12,27.770297
4.210213,5,27.809687
6.06232,7,27.868366
5.237991,6,27.915758
6.322296,7,27.973083
6.227778,7,28.032236
4.422222,5,28.071745
10.720934,12,28.168582
6.232197,7,28.224556
11.888889,12,28.324516
11.396709,12,28.425045
4.305556,5,28.463697
11.174487,12,28.562861
6.080832,7,28.622282
6.987991,8,28.686337
6.227778,7,28.743133
5.194982,6,28.789675
7.257396,8,28.85788
5.209435,6,28.905763
6.322296,7,28.961673
10.554323,12,29.061716
3.444444,4,29.094924
7.267168,8,29.161489
4.382123,5,29.201919
7.267168,8,29.266481
6.247054,7,29.32336
6.084777,7,29.378299
6.279333,7,29.430654
6.279333,7,29.482756
6.25,7,29.536329
3.401481,4,29.564836
7.267168,8,29.626451
11.694444,12,29.714648
10.720934,12,29.806387
7.267168,8,29.86691
6.969276,8,29.928611
6.183835,7,29.981388
6.084777,7,30.036007
6.0585,7,30.090793
6.194444,7,30.145553
6.917204,8,30.208906
6.234815,7,30.262125
7.267168,8,30.323568
6.208304,7,30.376186
11.174487,12,30.477089
3.366667,4,30.507937
11.146756,12,30.600143
4.26386,5,30.636214
6.194982,7,30.688422
6.244518,7,30.741769
10.720934,12,30.833899
6.241908,7,30.885867
3.364056,4,30.914354
7.267168,8,30.976446
5.139426,6,31.021577
7.844541,9,31.090721
3.416667,4,31.118683
7.23939,8,31.181455
6.960213,8,31.242011
6.068036,7,31.296279
11.396709,12,31.38919
7.211613,8,31.450409
3.444444,4,31.478281
6.183835,7,31.530299
3.422222,4,31.558921
10.612097,12,31.650958
4.138857,5,31.6851
6.053676,7,31.737497
5.984703,7,31.79017
6.006764,7,31.844542
10.720934,12,31.93369
7.267168,8,31.994427
10.52649,12,32.085266
6.960213,8,32.150702
11.202264,12,32.24528
7.291637,8,32.305733
5.257396,6,32.349391
7.267168,8,32.411025
7.267168,8,32.472329
4.242299,5,32.508034
7.07839,8,32.567247
4.976841,6,32.613297
7.267168,8,32.67442
4.363553,5,32.711375
5.319963,6,32.753993
3.444444,4,32.783514
4.242299,5,32.818686
4.307453,5,32.85662
11.102269,12,32.947163
4.173431,5,32.982823
6.197267,7,33.036091
7.206925,8,33.097126
6.084777,7,33.148984
4.163721,5,33.186267
4.173431,5,33.221355
7.267168,8,33.282129
3.401481,4,33.31044
11.861111,12,33.401083
5.194982,6,33.443251
7.211613,8,33.503113
3.366667,4,33.531942
7.211613,8,33.593929
6.904658,8,33.655907
7.267168,8,33.716518
6.241908,7,33.768295
7.267168,8,33.835538
6.850501,8,33.944541
4.444444,5,33.980734
7.267168,8,34.044504
3.347193,4,34.07451
3.422222,4,34.103357
11.833333,12,34.192783
3.345926,4,34.223231
4.291637,5,34.263083
5.151369,6,34.307053
6.111283,7,34.358691
6.130797,7,34.410954
10.52649,12,34.503468
7.194475,8,34.56367
11.777778,12,34.652979
6.080387,7,34.70308
7.575837,9,34.772063
7.208304,8,34.832552
3.333438,4,34.861148
11.557225,12,34.951834
6.298792,7,35.003435
13.548399,15,35.11579
10.961758,12,35.205701
7.23939,8,35.264736
6.747054,8,35.327
11.202264,12,35.418736
6.896704,8,35.480004
3.422222,4,35.508365
7.267168,8,35.570259
11.202264,12,35.662683
11.202264,12,35.755999
3.364056,4,35.784576
10.778764,12,35.876773
4.316765,5,35.912789
4.247054,5,35.949907
7.267168,8,36.009872
11.174487,12,36.103089
3.336278,4,36.132722
10.582046,12,36.228021
7.156057,8,36.288949
10.609823,12,36.381754
11.285598,12,36.47349
6.183835,7,36.523764
5.194982,6,36.567762
7.23939,8,36.630159
7.267168,8,36.689791
4.331454,5,36.725027
11.202264,12,36.816566
6.241908,7,36.870017
11.285598,12,36.963937
7.156057,8,37.024507
4.361111,5,37.060179
10.917653,12,37.153892
6.173431,7,37.20728
6.080832,7,37.261501
7.267168,8,37.32362
11.861111,12,37.41447
5.233431,6,37.456819
11.285598,12,37.549844
10.276545,12,37.64025
11.350647,12,37.734636
5.970343,7,37.786811
7.006764,8,37.848131
10.582046,12,37.937377
6.207037,7,37.991503
6.278315,7,38.042972
7.267168,8,38.103915
5.307453,6,38.14755
7.267168,8,38.209646
10.554268,12,38.29902
10.556543,12,38.3872
3.382123,4,38.415025
5.210213,6,38.459041
4.210213,5,38.495094
11.861111,12,38.585471
5.303054,6,38.628158
6.04037,7,38.68122
11.202264,12,38.77178
3.422222,4,38.80027
10.720934,12,38.89112
6.197267,7,38.944738
6.095814,7,38.99651
7.028298,8,39.056719
3.288987,4,39.085124
4.163721,5,39.122787
3.422222,4,39.151008
11.202264,12,39.243319
4.875631,6,39.28645
6.071468,7,39.340974
7.233431,8,39.401237
6.152749,7,39.452949
11.620605,12,39.540527
7.267168,8,39.603325
6.207041,7,39.654773
11.146756,12,39.746063
7.267168,8,39.806647
11.880047,13,39.910024
10.470982,12,39.999564
7.267168,8,40.059382
6.163721,7,40.111373
7.267168,8,40.172346
3.401481,4,40.201193
3.382123,4,40.229451
4.382123,5,40.266099
3.347193,4,40.295329
3.444444,4,40.323368
7.23939,8,40.383827
7.267168,8,40.443953
7.267168,8,40.504816
6.300074,7,40.555755
7.267168,8,40.616309
10.806541,12,40.705212
10.720934,12,40.796501
6.278315,7,40.849024
7.267168,8,40.909786
3.444444,4,40.938016
7.267168,8,40.999834
6.152749,7,41.05343
10.693157,12,41.14197
6.029221,7,41.193464
5.156057,6,41.23751
11.805556,12,41.327381
6.094542,7,41.380481
7.267168,8,41.440877
11.805556,12,41.532083
6.632187,8,41.596529
11.444444,12,41.695286
10.304268,12,41.789879
5.895653,7,41.845619
10.609823,12,41.937284
4.173431,5,41.972449
3.422222,4,42.000642
10.720934,12,42.092021
6.068036,7,42.145761
5.319963,6,42.191097
10.665379,12,42.282145
7.072724,8,42.344959
6.283333,7,42.397503
6.209306,7,42.449751
5.250537,6,42.492957
6.710208,8,42.553939
7.23939,8,42.614706
5.965457,7,42.666466
10.332046,12,42.756829
11.583333,12,42.847957
10.693157,12,42.937477
11.888889,12,43.026136
3.422222,4,43.054577
6.951773,8,43.115129
11.888889,12,43.205434
6.978987,8,43.268435
3.401481,4,43.297197
11.861111,12,43.38801
6.084777,7,43.439862
5.247941,6,43.481827
6.924927,8,43.542178
4.108009,5,43.577784
12.383608,17,43.697565
11.810765,15,43.801854
6.068036,7,43.855688
7.257396,8,43.91673
6.042389,7,43.968961
6.183835,7,44.021167
11.046761,12,44.114787
5.200036,6,44.159981
6.820283,8,44.220459
11.888889,12,44.311024
10.720934,12,44.401569
7.267168,8,44.462644
4.210213,5,44.498315
6.084777,7,44.55055
4.182436,5,44.586378
10.582046,12,44.676832
4.12688,5,44.713138
7.20821,8,44.77108
6.069415,7,44.823407
7.211613,8,44.884838
3.3085,4,44.913185
7.23939,8,44.973023
10.611723,12,45.062548
7.23939,8,45.124048
6.173431,7,45.176605
7.267168,8,45.235183
6.884352,8,45.295137
7.267168,8,45.357438
7.267168,8,45.417863
7.291621,8,45.476365
7.257396,8,45.535383
6.173431,7,45.592447
6.183835,7,45.648927
3.26386,4,45.67892
11.638936,12,45.766999
10.720934,12,45.859688
6.227778,7,45.911592
10.554268,12,46.001403
4.163721,5,46.036834
6.98939,8,46.101722
6.181528,7,46.154113
11.861111,12,46.245269
6.029221,7,46.299296
6.113553,7,46.353773
6.148383,7,46.407067
11.833333,12,46.495848
3.401481,4,46.524584
10.693157,12,46.615333
6.094542,7,46.668474
7.274844,8,46.727678
4.163721,5,46.763618
4.182436,5,46.799946
11.583333,12,46.891602
7.248121,8,46.952899
7.23939,8,47.012973
11.202264,12,47.106958
11.202264,12,47.202157
7.23939,8,47.262809
11.174487,12,47.3536
6.927605,8,47.415503
10.720934,12,47.502887
6.066765,7,47.55622
5.914166,7,47.607246
10.750986,12,47.698696
6.197389,7,47.750483
5.901369,7,47.802479
4.071325,5,47.837708
6.124971,7,47.891781
7.072724,8,47.955361
11.334661,13,48.053438
6.124971,7,48.107235
7.267168,8,48.168927
7.291543,8,48.226732
5.713934,7,48.277264
6.128279,7,48.327821
10.554268,12,48.420042
10.554268,12,48.510248
11.722222,12,48.598809
7.183835,8,48.658348
3.382123,4,48.686903
7.23939,8,48.747277
3.422222,4,48.775918
10.609879,12,48.86794
7.229618,8,48.929267
7.179147,8,48.990912
11.888889,12,49.080463
6.159901,7,49.133623
6.960213,8,49.194997
10.723208,12,49.285717
4.277778,5,49.380216
6.124971,7,49.434913
6.194982,7,49.488927
10.720934,12,49.580763
7.257396,8,49.641413
10.720934,12,49.731079
11.861111,12,49.823677
6.278315,7,49.876777
4.210213,5,49.912133
7.248121,8,49.971989
10.720934,12,50.062698
5.210213,6,50.106195
5.210213,6,50.149814
6.278315,7,50.200722
11.202264,12,50.293622
11.396709,12,50.385817
6.056093,7,50.437941
6.068036,7,50.49109
6.308488,7,50.544593
6.194982,7,50.597766
4.255556,5,50.6351
7.072724,8,50.696962
7.23939,8,50.759102
6.056093,7,50.81117
11.888889,12,50.901389
11.666667,12,50.989977
11.885266,14,51.109451
5.275128,6,51.153042
3.364056,4,51.181423
6.194982,7,51.233721
6.116667,7,51.286835
3.331454,4,51.315447
3.364056,4,51.343389
4.242299,5,51.378739
5.295848,6,51.423997
4.380339,5,51.460399
3.336278,4,51.488238
8.150098,9,51.554707
10.862152,12,51.648608
7.267168,8,51.708253
10.693157,12,51.796229
6.173431,7,51.848593
6.045848,7,51.9028
11.861111,12,51.993259
4.071325,5,52.028831
10.362099,12,52.12014
6.132505,7,52.17627
10.554268,12,52.265516
4.210213,5,52.301633
10.612097,12,52.392147
6.080832,7,52.446418
6.084777,7,52.497604
11.368931,12,52.596492
11.888889,12,52.699916
7.267168,8,52.764949
11.888889,12,52.859675
10.862152,12,52.98093
7.229618,8,53.053371
7.257396,8,53.119639
3.444444,4,53.148804
6.084777,7,53.202336
11.888889,12,53.304087
11.046761,12,53.403736
11.046761,12,53.502178
6.173431,7,53.555023
7.267168,8,53.615968
10.843291,13,53.713546
5.979618,7,53.765813
6.025277,7,53.817868
6.062952,7,53.871012
10.582046,12,53.962707
6.943197,8,54.024199
4.124971,5,54.059244
6.053676,7,54.112995
6.2,7,54.165347
7.267168,8,54.224515
6.205654,7,54.27723
6.183835,7,54.329829
3.382123,4,54.360021
3.401481,4,54.389582
3.444444,4,54.417416
10.665379,12,54.505611
5.206925,6,54.549326
11.368931,12,54.642835
10.778764,12,54.733887
6.084777,7,54.786018
6.072724,7,54.843637
3.444444,4,54.872879
7.23939,8,54.933623
7.267168,8,54.994509
7.257396,8,55.056226
7.006764,8,55.119791
6.163721,7,55.172128
11.416667,12,55.258639
4.987991,6,55.302703
4.197389,5,55.338653
7.23939,8,55.39824
3.151481,4,55.426273
5.861648,7,55.478762
4.969721,6,55.52419
4.095926,5,55.559828
3.987991,5,55.596416
11.527778,12,55.686509
4.873592,6,55.730269
6.111648,7,55.781272
6.084777,7,55.833787
6.173431,7,55.886385
6.100501,7,55.939008
6.068036,7,55.993878
10.720934,12,56.085382
7.267168,8,56.148028
5.173431,6,56.192002
11.888889,12,56.28269
4.163721,5,56.318683
10.554268,12,56.409074
6.194982,7,56.461417
7.23939,8,56.52236
6.145653,7,56.574969
6.173431,7,56.627361
10.720934,12,56.717819
11.202264,12,56.814011
5.295848,6,56.858684
5.100501,6,56.902955
6.960213,8,56.965241
11.046761,12,57.056922
10.45265,12,57.144637
6.300074,7,57.200583
11.146756,12,57.292022
4.210213,5,57.327497
6.083871,7,57.380613
5.150098,6,57.427176
11.074501,12,57.521354
11.065505,13,57.620075
6.128279,7,57.671229
6.872409,8,57.735654
10.582101,12,57.824603
11.146756,12,57.917
6.183835,7,57.968278
6.194982,7,58.022443
4.398383,5,58.057916
7.628573,9,58.126693
11.047221,13,58.223021
7.60505,9,58.289393
3.26386,4,58.318218
3.252945,4,58.347449
5.080387,6,58.391252
11.360962,13,58.492925
6.133407,7,58.544994
10.582046,12,58.656356
4.283333,5,58.692534
4.173431,5,58.729693
4.201209,5,58.765019
7.267168,8,58.82482
3.401481,4,58.853709
4.275277,5,58.892818
6.084777,7,58.944703
4.394444,5,58.980958
5.182436,6,59.023192
6.111648,7,59.077649
11.130554,13,59.176817
10.556542,12,59.266871
6.095926,7,59.319397
6.185894,7,59.374032
6.251555,7,59.42445
3.283333,4,59.453882
4.210213,5,59.489579
6.01807,7,59.542085
4.790258,6,59.586616
5.816765,7,59.639655
3.04879,4,59.668387
11.225164,13,59.76513
7.211613,8,59.824423
7.257396,8,59.909632
11.55588,12,60.006839
12.606234,14,60.131671
5.163721,6,60.175959
11.583658,12,60.264196
7.23939,8,60.324797
11.396709,12,60.417909
11.416714,12,60.504949
10.472889,12,60.594949
11.416714,12,60.681994
4.249538,5,60.720235
3.382123,4,60.751329
4.319415,5,60.789453
3.422222,4,60.819006
4.210213,5,60.857852
3.401481,4,60.888531
3.382123,4,60.917611
6.916818,8,60.980647
7.257396,8,61.041764
6.921645,8,61.103455
5.964521,7,61.155386
11.694444,12,61.243746
11.888889,12,61.334188
6.932436,8,61.395798
11.174487,12,61.502151
6.884339,8,61.566892
6.090646,7,61.62199
7.072724,8,61.686304
5.960357,7,61.742757
11.888889,12,61.836787
5.233431,6,61.883384
7.267168,8,61.944791
5.197389,6,61.98851
11.368931,12,62.079549
4.090098,5,62.116224
4.090098,5,62.152276
7.267168,8,62.217413
11.888889,12,62.308315
11.7415,13,62.407643
4.210213,5,62.442831
7.017168,8,62.504094
11.472222,12,62.593012
11.396709,12,62.687136
6.173431,7,62.73875
7.647552,9,62.808199
10.720934,12,62.897874
11.010982,13,63.004658
4.164788,5,63.041481
6.028315,7,63.09349
11.732007,13,63.189505
6.144444,7,63.241913
10.72321,12,63.330712
5.97176,7,63.383825
10.528811,12,63.470885
4.173431,5,63.506291
6.113008,7,63.560846
3.444444,4,63.588726
10.720934,12,63.678829
6.943197,8,63.741547
10.720934,12,63.830805
6.12232,7,63.884877
10.556589,12,63.974673
4.081454,5,64.011898
11.888889,12,64.101695
4.173431,5,64.136637
4.163721,5,64.17201
4.098061,5,64.208655
3.364056,4,64.237341
5.256764,6,64.280222
10.498712,12,64.368601
5.955654,7,64.422306
10.528811,12,64.511227
6.12232,7,64.564682
11.396709,12,64.657041
6.100501,7,64.709243
6.12232,7,64.762766
10.556589,12,64.852407
6.969276,8,64.913775
6.23939,7,64.967542
7.267168,8,65.028067
6.183835,7,65.080371
4.382123,5,65.115877
7.267168,8,65.177576
4.285091,5,65.213796
7.23939,8,65.273556
10.963436,12,65.364923
11.318,13,65.463261
6.055094,7,65.516638
11.787272,12,65.606018
4.100501,5,65.640886
7.615211,9,65.711718
3.164788,4,65.741285
4.086278,5,65.776429
4.904658,6,65.8216
6.715878,8,65.883463
6.826989,8,65.944327
6.156057,7,65.99711
5.219721,6,66.041671
6.173431,7,66.093147
6.227778,7,66.146992
7.229618,8,66.207146
11.500047,12,66.297627
6.960354,8,66.359356
10.528811,12,66.450059
6.687611,8,66.508196
6.98939,8,66.569981
11.396709,12,66.663997
4.316765,5,66.700114
5.176639,6,66.743731
5.265912,6,66.787025
5.176639,6,66.833054
6.225045,7,66.887405
3.382123,4,66.915595
10.720934,12,67.005926
11.202264,12,67.098804
11.888889,12,67.190617
10.693157,12,67.282546
6.173431,7,67.334217
7.291621,8,67.39604
11.146709,12,67.49054
11.202264,12,67.584387
7.006764,8,67.647232
5.319415,6,67.691816
6.056999,7,67.744178
10.528811,12,67.83219
11.888889,12,67.940912
11.888889,12,68.086156
5.235642,6,68.129901
3.444444,4,68.157942
11.888889,12,68.246881
6.970975,8,68.31015
3.347193,4,68.33905
3.318148,4,68.368528
5.265912,6,68.412387
10.637601,12,68.502937
6.2,7,68.554277
6.98939,8,68.6165
6.056093,7,68.669362
4.095814,5,68.706286
10.473208,12,68.79786
4.094542,5,68.835926
10.980042,12,68.927328
10.973208,12,69.019145
5.290258,6,69.061967
7.267168,8,69.124179
10.612097,12,69.212026
6.194982,7,69.265147
7.267168,8,69.325547
4.969276,6,69.36936
5.044946,6,69.412648
11.833333,12,69.504119
5.017168,6,69.546942
6.104346,7,69.599608
11.888889,12,69.688765
10.556589,12,69.777402
5.006764,6,69.821962
5.006764,6,69.864938
7.267168,8,69.926378
4.197389,5,69.964264
10.720934,12,70.055551
6.204801,7,70.107321
6.057998,7,70.159069
7.23939,8,70.220941
5.997054,7,70.274011
6.194444,7,70.325454
7.248121,8,70.385297
7.267168,8,70.446733
4.163721,5,70.48296
4.173431,5,70.517525
6.12232,7,70.570417
11.888889,12,70.660922
5.964521,7,70.71318
6.030723,7,70.764366
4.179259,5,70.800092
5.906959,7,70.852857
5.944982,7,70.90667
4.132123,5,70.942943
5.847945,7,70.99552
7.291543,8,71.055218
6.997054,8,71.120452
3.422222,4,71.149094
10.973208,12,71.239836
4.163721,5,71.276463
5.235642,6,71.321292
4.331454,5,71.357346
5.331454,6,71.399673
10.637601,12,71.490191
3.382123,4,71.519028
6.068036,7,71.572725
7.23939,8,71.633085
7.248121,8,71.694011
5.015769,6,71.74046
6.972759,8,71.801509
6.308488,7,71.851899
7.267168,8,71.913966
10.720934,12,72.0047
4.207037,5,72.04118
7.041637,8,72.101537
3.180526,4,72.131591
6.895653,8,72.195338
6.699423,8,72.256671
10.69543,12,72.347845
4.025899,5,72.385785
6.784542,8,72.446543
10.417653,12,72.537317
7.701208,9,72.603909
5.081454,6,72.650005
11.861111,12,72.740258
6.000105,7,72.7919
11.694444,12,72.881858
5.275128,6,72.927623
10.720934,12,73.018009
6.300074,7,73.069612
6.209306,7,73.119969
11.25782,12,73.214499
7.23939,8,73.27517
4.347193,5,73.31247
3.364056,4,73.34087
6.194982,7,73.393273
10.806541,12,73.484243
6.923431,8,73.545187
7.23939,8,73.605839
5.208304,6,73.651247
6.040258,7,73.703563
4.066765,5,73.739326
10.500335,12,73.827683
7.267168,8,73.889526
4.179147,5,73.930327
10.720934,12,74.027045
6.038987,7,74.079762
5.028315,6,74.124188
7.017168,8,74.185937
3.197389,4,74.214259
4.041538,5,74.2504
5.053054,6,74.294377
5.799467,7,74.34606
5.220343,6,74.389063
3.333438,4,74.418257
6.791963,8,74.477206
4.398383,5,74.513746
8.183677,10,74.59089
5.676754,7,74.640324
12.124434,16,74.752349
3.234815,4,74.781068
4.987991,6,74.825497
4.172222,5,74.863905
4.053054,5,74.900015
5.913721,7,74.95595
4.987991,6,75.000327
6.006764,7,75.052403
6.906057,8,75.115317
4.053054,5,75.151192
5.923979,7,75.203187
5.017168,6,75.246507
11.888889,12,75.336839
4.902649,6,75.381396
7.267168,8,75.442444
6.084777,7,75.494315
6.210213,7,75.547439
11.035598,12,75.637887
7.267168,8,75.697971
4.277778,5,75.733982
7.257396,8,75.794474
5.053054,6,75.839076
7.017168,8,75.904477
10.612097,12,75.99893
11.638889,12,76.090054
7.044946,8,76.151812
4.215457,5,76.186576
7.017168,8,76.248431
6.283333,7,76.301444
10.443204,12,76.391789
10.880095,12,76.48151
5.121084,6,76.525387
6.951841,8,76.588261
5.307453,6,76.630339
11.954229,13,76.728973
6.187679,7,76.803528
11.364062,13,76.91167
10.609879,12,77.004108
11.888889,12,77.093191
6.173431,7,77.150132
6.13701,7,77.235571
3.382123,4,77.265645
6.173431,7,77.322958
5.004737,6,77.367143
3.319415,4,77.398586
10.665379,12,77.49006
3.354346,4,77.518564
3.336278,4,77.547131
5.173431,6,77.592102
3.422222,4,77.620696
4.422222,5,77.655463
7.23939,8,77.715064
6.163721,7,77.768459
10.973208,12,77.859139
11.396709,12,77.954186
10.693157,12,78.045006
7.044946,8,78.119254
6.071468,7,78.181632
7.267168,8,78.246233
3.364056,4,78.276576
11.202264,12,78.369331
6.361111,7,78.420298
11.694444,12,78.509625
10.824999,13,78.610231
6.095814,7,78.665739
4.066765,5,78.702431
10.720934,12,78.790374
4.904658,6,78.834786
6.066765,7,78.889988
4.987991,6,78.934669
7.017168,8,78.996551
5.248121,6,79.040204
11.202264,12,79.134369
7.219721,8,79.193316
7.267168,8,79.254835
3.364056,4,79.28389
4.382123,5,79.321074
3.422222,4,79.349389
4.444444,5,79.384671
10.94543,12,79.475029
5.822724,7,79.528929
3.364056,4,79.558488
7.222253,8,79.618309
11.396709,12,79.711459
7.291637,8,79.771872
5.278315,6,79.815245
5.278315,6,79.859465
10.991483,12,79.95291
8.032882,9,80.020997
7.72539,9,80.091079
8.678117,10,80.16747
9.061162,10,80.243211
7.072724,8,80.306892
11.146756,12,80.400563
5.179147,6,80.443099
11.638936,12,80.530619
7.248121,8,80.591974
11.614005,13,80.691132
3.401481,4,80.719244
4.422222,5,80.753973
10.806874,12,80.846701
10.5546,12,80.937991
6.006764,7,80.992108
7.219721,8,81.050943
6.095926,7,81.103447
3.187679,4,81.132474
3.972759,5,81.169413
4.0585,5,81.204268
4.867875,6,81.250534
5.728987,7,81.303353
5.873704,7,81.354109
6.822724,8,81.415817
6.895653,8,81.477318
6.076568,7,81.529555
11.396709,12,81.621337
6.207037,7,81.673362
5.38889,6,81.715645
3.25,4,81.743307
7.257396,8,81.802729
7.257396,8,81.862294
4.256764,5,81.899342
10.973208,12,81.991619
10.973208,12,82.08473
3.422222,4,82.113628
10.720934,12,82.208018
10.417334,12,82.299253
6.883785,8,82.36
7.072724,8,82.42243
6.957864,8,82.486003
4.215457,5,82.523899
10.52649,12,82.61451
6.076568,7,82.667244
6.084777,7,82.720049
10.500988,12,82.80831
10.723208,12,82.898354
10.973208,12,82.989445
10.720934,12,83.081337
11.444444,12,83.174661
6.04879,7,83.227094
4.12431,5,83.262307
10.498712,12,83.353517
6.183455,7,83.405831
3.388889,4,83.433664
10.612097,12,83.525884
6.841593,8,83.58916
5.066765,6,83.633797
6.906057,8,83.695711
10.415379,12,83.787343
6.02795,7,83.840641
10.498712,12,83.93111
11.638889,12,84.020624
6.250537,7,84.073389
6.040258,7,84.129027
6.291621,7,84.180933
10.609879,12,84.272995
11.017361,12,84.366534
6.053044,7,84.418163
7.291635,8,84.477754
7.111923,8,84.537139
11.877892,15,84.643585
9.332829,11,84.73094
8.528403,10,84.807283
7.191511,8,84.867205
10.609823,12,84.958055
3.248121,4,84.988373
6.029221,7,85.041443
7.10861,8,85.101872
6.111648,7,85.154721
6.068036,7,85.209211
7.017168,8,85.272615
11.833333,12,85.362542
6.084777,7,85.413939
11.888889,12,85.505223
4.210213,5,85.542404
6.322296,7,85.594036
6.141331,7,85.646583
6.007313,7,85.701372
6.086278,7,85.7539
10.81579,13,85.85942
6.251555,7,85.922876
11.694444,12,86.015247
11.318,13,86.112823
7.257396,8,86.173177
6.225167,7,86.224867
10.720934,12,86.318684
6.097193,7,86.371016
6.081454,7,86.423983
6.062952,7,86.476304
7.100501,8,86.539162
6.173431,7,86.591919
4.150098,5,86.627763
10.973208,12,86.719827
11.368931,12,86.814263
6.305556,7,86.867479
7.219721,8,86.928674
3.401481,4,86.956886
7.274844,8,87.019004
10.480484,12,87.110695
10.415426,12,87.202458
5.986082,7,87.254413
6.972253,8,87.31784
7.053676,8,87.37939
11.08763,13,87.479172
10.910486,13,87.575857
7.002945,8,87.638732
11.991491,13,87.741142
6.194982,7,87.793242
8.153296,9,87.861068
5.984703,7,87.916303
7.257396,8,87.977822
6.183835,7,88.028827
11.046991,12,88.1209
5.095814,6,88.16669
4.097193,5,88.203401
4.997054,6,88.247861
10.304268,12,88.337216
5.034542,6,88.382467
4.138889,5,88.419415
6.850501,8,88.480911
4.017168,5,88.51678
4.159901,5,88.553573
3.094542,4,88.583741
6.663721,8,88.645764
4.159901,5,88.681628
11.19543,13,88.780092
7.017168,8,88.84135
10.778764,12,88.930738
6.173431,7,88.981986
10.720934,12,89.072366
6.040258,7,89.12573
11.396709,12,89.218623
7.248121,8,89.279288
10.554268,12,89.368975
4.163721,5,89.404166
11.888889,12,89.493466
6.125973,7,89.546035
10.612097,12,89.63732
10.563817,12,89.727037
6.040258,7,89.779805
10.563817,12,89.870499
11.046761,12,89.964809
5.028315,6,90.00789
4.097193,5,90.045605
5.179283,6,90.088004
10.501033,12,90.179392
5.997054,7,90.232677
4.197389,5,90.267879
7.274844,8,90.327987
6.116877,7,90.381608
7.274844,8,90.441371
6.951841,8,90.502148
3.361111,4,90.531073
11.416667,12,90.62164
4.080387,5,90.658016
10.609879,12,90.747565
4.025899,5,90.782813
7.247066,8,90.843284
10.80829,13,90.940933
6.055556,7,90.992517
4.255556,5,91.0304
5.975167,7,91.087019
6.34472,8,91.147813
6.98939,8,91.209628
6.896262,8,91.269152
7.044946,8,91.332759
6.083438,7,91.385417
7.233431,8,91.444821
6.743298,8,91.506118
7.274844,8,91.566686
4.210213,5,91.602255
10.609879,12,91.69157
11.202264,12,91.782082
10.612097,12,91.870578
6.97176,8,91.933813
10.720934,12,92.023135
10.554268,12,92.113259
5.248121,6,92.159376
6.040258,7,92.214775
11.262436,13,92.31332
6.961613,8,92.375636
7.100501,8,92.438134
6.111283,7,92.49048
10.500994,12,92.581052
5.097193,6,92.624032
7.150098,8,92.685446
4.169612,5,92.722096
3.361111,4,92.75048
10.584319,12,92.839012
7.23939,8,92.900913
7.219721,8,92.96206
7.072724,8,93.025081
7.219721,8,93.086369
7.257396,8,93.147657
6.183835,7,93.199694
6.028315,7,93.25318
7.292391,8,93.313735
5.200036,6,93.3585
6.98939,8,93.420053
6.076568,7,93.471826
6.642909,8,93.53236
6.65263,8,93.59001
4.144444,5,93.626119
13.328457,15,93.74059
10.940504,13,93.838139
10.317705,12,93.929128
7.291635,8,93.989354
6.951209,8,94.050495
4.197389,5,94.087262
6.924063,8,94.149341
11.396709,12,94.242444
7.017168,8,94.304679
11.174487,12,94.395483
6.87232,8,94.45764
4.904658,6,94.50238
3.164788,4,94.531957
11.333333,12,94.677173
10.445438,12,94.769143
11.416667,12,94.857532
11.00782,12,94.948669
7.586501,9,95.016025
6.183835,7,95.068782
7.191943,8,95.128645
7.932884,9,95.199068
7.183835,8,95.259781
5.154658,6,95.305367
6.158072,7,95.356626
7.209058,8,95.415854
5.947267,7,95.466861
7.236836,8,95.527513
10.387657,12,95.618032
11.341153,12,95.71055
10.609879,12,95.799965
10.55655,12,95.890941
5.960357,7,95.944378
6.901473,8,96.006003
7.925336,9,96.07844
10.609879,12,96.171104
4.06232,5,96.208777
10.778764,12,96.299629
4.215457,5,96.335402
7.263857,8,96.396138
6.19256,7,96.448367
7.072724,8,96.509847
4.197389,5,96.545202
8.059265,9,96.614467
10.609879,12,96.705017
10.536039,12,96.795114
7.209058,8,96.854956
10.399424,12,96.948053
6.983423,8,97.008441
6.883081,8,97.070473
7.849505,9,97.139574
4.255556,5,97.177984
10.720934,12,97.271737
6.081454,7,97.323949
6.98939,8,97.385636
7.233431,8,97.446902
5.248121,6,97.490459
11.035598,12,97.583394
11.444444,12,97.670802
10.332046,12,97.759575
6.969721,8,97.821668
10.584319,12,97.912018
7.183835,8,97.972512
6.98939,8,98.036487
7.072724,8,98.099256
6.084777,7,98.151967
10.862152,12,98.242532
10.536039,12,98.335903
6.972743,8,98.395233
7.044946,8,98.456526
7.017168,8,98.517921
6.183835,7,98.571268
11.230042,12,98.664756
4.040258,5,98.701928
4.234815,5,98.737114
4.053054,5,98.774699
5.017168,6,98.818579
4.215457,5,98.854792
4.053054,5,98.891827
7.675336,9,98.96264
10.399377,12,99.052158
4.097193,5,99.089329
11.388889,12,99.175525
7.909913,9,99.246581
11.416667,12,99.3365
7.975932,9,99.404858
11.361111,12,99.492571
4.04879,5,99.529759
5.053054,6,99.57541
5.017168,6,99.619271
7.257396,8,99.680127
4.277778,5,99.718142
6.040258,7,99.770548
5.066765,6,99.813812
10.584319,12,99.903522
10.720934,12,99.99553
10.612097,12,100.085012
6.194982,7,100.137308
6.163721,7,100.187653
11.638889,12,100.277825
6.966855,8,100.33866
7.044946,8,100.400903
10.556819,12,100.488382
6.111648,7,100.542139
6.850501,8,100.604096
6.959438,8,100.664398
3.180526,4,100.693016
10.343162,12,100.782718
10.868931,12,100.873235
4.10341,5,100.908994
6.98939,8,100.97057
4.277778,5,101.009147
6.194444,7,101.061347
11.202264,12,101.15462
11.888889,12,101.243781
11.146986,12,101.338007
11.202264,12,101.431692
7.017168,8,101.492768
11.118931,12,101.588339
10.55655,12,101.678805
10.556542,12,101.770054
11.368931,12,101.863234
6.864538,8,101.923956
7.975932,9,101.995659
7.842416,9,102.063866
10.613616,12,102.157563
6.128279,7,102.212227
11.42616,12,102.304292
4.050452,5,102.339664
7.236834,8,102.398962
7.792328,9,102.468993
6.979618,8,102.532085
7.041635,8,102.593602
7.786447,9,102.663359
5.810257,7,102.714988
6.958337,9,102.783212
4.104,5,102.820266
11.444444,12,102.908468
4.197389,5,102.944774
11.00782,12,103.034927
5.180526,6,103.078927
6.084777,7,103.13091
6.062868,7,103.185484
6.125973,7,103.239301
4.138857,5,103.27527
6.097741,7,103.329933
10.665379,12,103.42011
11.202264,12,103.513408
11.202264,12,103.606065
6.095814,7,103.658607
10.612097,12,103.747303
11.035598,12,103.839467
11.396709,12,103.933157
10.417977,12,104.023105
4.277778,5,104.059726
11.535875,13,104.158761
7.909914,9,104.228136
6.876875,8,104.289585
7.925336,9,104.359702
7.875661,9,104.432296
10.563817,12,104.524547
3.2,4,104.553281
8.031487,9,104.622004
6.180906,7,104.675078
6.887636,8,104.73502
10.693157,12,104.82639
4.071325,5,104.862971
12.138899,13,104.960742
6.029333,7,105.01258
7.072724,8,105.073583
11.901317,14,105.180328
6.156057,7,105.234023
7.849505,9,105.303213
10.556542,12,105.392758
6.084777,7,105.44458
11.396709,12,105.53886
10.415434,12,105.629034
6.04369,7,105.682021
7.975932,9,105.74976
7.877328,9,105.820247
10.563817,12,105.912397
10.508206,12,106.001409
6.322296,7,106.052588
7.948154,9,106.123518
8.60641,10,106.206721
10.609823,12,106.299152
7.072724,8,106.360944
7.072724,8,106.424883
5.179147,6,106.486212
7.072724,8,106.555576
6.22227,7,106.608566
3.361111,4,106.638086
10.566035,12,106.728783
10.674873,12,106.826456
9.532224,12,106.939545
7.86978,9,107.016762
8.029639,9,107.086971
7.180524,8,107.147345
7.814225,9,107.219943
6.139426,7,107.274833
4.234815,5,107.310713
6.959438,8,107.371284
7.849505,9,107.44166
7.250031,8,107.503299
7.044946,8,107.583183
4.080387,5,107.621471
10.693157,12,107.717531
6.163721,7,107.772031
7.274844,8,107.832789
10.665379,12,107.924757
4.277778,5,107.961274
10.609879,12,108.055531
6.961613,8,108.118978
4.25,5,108.157151
6.180526,7,108.208858
10.500986,12,108.299453
10.584319,12,108.388804
6.75448,8,108.450652
7.277809,8,108.511111
10.44543,12,108.601268
7.800491,9,108.671652
5.98939,7,108.723472
4.055574,5,108.760108
6.163721,7,108.812757
3.354346,4,108.841419
6.183835,7,108.894202
7.274844,8,108.95438
10.55655,12,109.045257
10.612097,12,109.137414
7.975932,9,109.209465
6.98939,8,109.275847
11.285598,12,109.377717
6.859863,8,109.440107
7.883825,9,109.511797
11.341153,12,109.606476
7.250031,8,109.667587
7.291635,8,109.727554
10.720934,12,109.817725
11.146717,12,109.909881
7.062952,8,109.974299
10.39715,12,110.064539
7.291621,8,110.123773
10.538313,12,110.214959
6.053054,7,110.268241
10.720934,12,110.359486
10.399377,12,110.447818
6.966855,8,110.508126
7.847884,9,110.580239
7.144066,8,110.640696
4.215457,5,110.675585
7.250031,8,110.734921
11.149632,15,110.83951
8.738394,10,110.915361
7.277809,8,110.975112
7.274844,8,111.034495
7.035174,8,111.099175
6.173431,7,111.151929
10.609879,12,111.243377
10.417653,12,111.334353
6.941943,8,111.397311
4.997054,6,111.440051
5.595748,7,111.492308
10.22099,12,111.581368
4.116667,5,111.620159
10.501041,12,111.710531
7.682838,9,111.780488
4.913721,6,111.824195
3.997054,5,111.860522
4.904658,6,111.906105
4.169612,5,111.942614
7.250031,8,112.003082
11.611111,12,112.093533
7.274844,8,112.153019
5.219721,6,112.198959
6.040258,7,112.253501
11.202264,12,112.347535
7.044946,8,112.408964
7.267168,8,112.469369
5.179147,6,112.513987
11.888889,12,112.605484
6.095814,7,112.658435
7.233431,8,112.719551
7.044946,8,112.782531
7.849505,9,112.857637
4.215457,5,112.894861
10.498712,12,112.989905
3.361111,4,113.019587
7.948154,9,113.092285
10.609823,12,113.184289
4.197389,5,113.221054
7.072724,8,113.283933
6.125723,7,113.338723
7.820106,9,113.410298
6.280722,7,113.461176
6.47951,8,113.519912
11.725164,13,113.624125
7.849505,9,113.694266
5.141832,6,113.737298
4.248121,5,113.773752
10.8416,14,113.877348
12.383616,17,113.9989
12.411347,17,114.12546
6.93243,8,114.192642
10.415426,12,114.293297
7.789793,9,114.366129
8.031487,9,114.453745
7.291621,8,114.513868
5.124955,6,114.558733
6.040245,7,114.608411
10.574878,12,114.699417
10.584375,12,114.789097
4.081454,5,114.826563
4.255556,5,114.863857
4.132123,5,114.900568
4.969276,6,114.948062
7.222253,8,115.010703
4.066765,5,115.048108
7.144066,8,115.109017
5.200036,6,115.15113
6.194982,7,115.203613
7.911602,9,115.275954
10.720934,12,115.367805
6.052906,7,115.421271
7.23939,8,115.483756
6.095814,7,115.536854
12.745123,14,115.646421
10.48271,12,115.734081
3.141834,4,115.764089
6.795299,8,115.823144
12.091153,13,115.922818
10.621646,12,116.015233
10.313817,12,116.107509
5.141832,6,116.15038
7.035174,8,116.212498
4.01376,5,116.248534
4.180526,5,116.286463
6.342875,7,116.336899
3.398383,4,116.365996
8.361127,10,116.438838
4.071325,5,116.475462
13.328457,15,116.590362
12.222224,13,116.684347
7.849505,9,116.755566
4.12688,5,116.792881
10.834319,12,116.885352
11.722222,12,116.975195
10.637601,12,117.064172
4.275899,5,117.125454
4.163721,5,117.163222
7.222253,8,117.225772
6.034542,7,117.278912
10.554268,12,117.371513
5.959306,7,117.423613
6.987216,8,117.484811
7.070549,8,117.546266
6.072724,7,117.600336
10.528764,12,117.68971
5.123728,6,117.73309
4.234815,5,117.767944
10.649369,12,117.859666
10.4177,12,117.948798
11.202264,12,118.042062
10.424881,12,118.13262
6.194982,7,118.186468
6.083871,7,118.239147
4.215457,5,118.275342
10.762462,12,118.369413
5.179283,6,118.414065
10.289767,12,118.509793
4.041538,5,118.548171
6.32657,7,118.600184
11.146717,12,118.722559
10.45265,12,118.81337
10.621646,12,118.904189
6.318152,7,118.95688
8.00371,9,119.049238
7.86978,9,119.125359
7.975932,9,119.196709
6.846575,8,119.258671
10.563817,12,119.351607
10.317658,12,119.441859
7.766171,9,119.51206
6.371888,8,119.570919
8.594487,10,119.648733
4.114056,5,119.685335
12.520944,14,119.789916
6.670092,8,119.847018
6.338035,8,119.906924
4.180526,5,119.960538
4.080387,5,120.001665
11.638889,12,120.101283
11.666667,12,120.194634
4.080361,5,120.229909
7.062952,8,120.292831
10.665379,12,120.38364
7.222253,8,120.445103
3.288987,4,120.47443
3.280723,4,120.502488
5.177876,6,120.546932
4.333333,5,120.583255
4.361111,5,120.618766
10.693157,12,120.708804
5.179147,6,120.752234
10.720934,12,120.842757
4.173431,5,120.877804
8.031487,9,120.945109
10.841153,12,121.035667
10.424873,12,121.126203
8.577499,10,121.202911
7.86978,9,121.276472
10.955203,13,121.381253
7.766171,9,121.452671
7.222253,8,121.511796
4.904658,6,121.556814
6.951841,8,121.620362
10.359879,12,121.712153
7.166698,8,121.772411
7.821727,9,121.842419
8.031487,9,121.911892
7.766171,9,121.985044
12.800679,14,122.099398
4.041538,5,122.134822
4.055574,5,122.170315
6.000537,7,122.226554
10.213767,12,122.316243
10.424873,12,122.406009
5.141832,6,122.449725
7.040256,8,122.512703
7.292391,8,122.58086
6.88435,8,122.645494
7.909914,9,122.718813
11.118931,12,122.832984
6.123578,7,122.890678
7.180526,8,123.016438
6.266749,7,123.067299
11.100647,12,123.176538
8.821324,10,123.253772
6.951205,8,123.313617
7.180526,8,123.375009
7.274844,8,123.439757
6.111648,7,123.495722
10.973208,12,123.599219
10.415434,12,123.687038
7.072724,8,123.750539
7.847884,9,123.821085
4.255556,5,123.857077
4.969276,6,123.902117
3.197389,4,123.931382
3.255556,4,123.961527
7.024844,8,124.02229
5.006764,6,124.065909
5.833505,7,124.118869
11.444444,12,124.208736
7.274844,8,124.268656
4.215457,5,124.30537
11.195709,13,124.405519
7.897558,9,124.47622
10.720934,12,124.566418
4.180526,5,124.602292
7.062952,8,124.666187
6.0306,7,124.718145
10.750986,12,124.80841
6.084777,7,124.859964
7.274844,8,124.921128
6.072724,7,124.97399
6.173431,7,125.026799
10.720934,12,125.118
10.720934,12,125.209213
7.90506,9,125.279688
7.975932,9,125.34997
6.938637,8,125.410405
7.897558,9,125.482505
6.125973,7,125.536925
6.2,7,125.58861
10.720934,12,125.67928
10.443157,12,125.770748
7.250031,8,125.830026
7.100501,8,125.893085
11.202264,12,125.985526
11.035598,12,126.07732
7.72539,9,126.148637
7.849505,9,126.218047
7.847884,9,126.290173
7.137498,8,126.352225
10.973208,12,126.442763
8.059265,9,126.511622
4.183835,5,126.547442
11.035598,12,126.639116
11.118931,12,126.732701
10.563817,12,126.822939
7.975932,9,126.891923
7.897558,9,126.963861
6.791963,8,127.022839
9.418098,12,127.114661
10.387601,12,127.20484
8.031487,9,127.276623
10.927616,14,127.386365
7.897558,9,127.457603
4.234815,5,127.49293
7.975932,9,127.563726
8.059265,9,127.631923
10.720934,12,127.722403
8.059265,9,127.791013
11.11538,14,127.905649
7.211613,8,127.966415
10.582101,12,128.058965
7.291621,8,128.119663
10.991214,12,128.213648
7.100501,8,128.276649
7.114056,8,128.339618
4.150905,5,128.374604
4.166667,5,128.411463
5.179147,6,128.456322
6.80112,8,128.514711
7.0585,8,128.57698
7.814225,9,128.648051
6.001897,7,128.701438
11.858097,16,128.812122
11.941106,16,128.924554
6.448137,8,128.986876
14.050402,16,129.10177
13.050669,14,129.209297
7.007396,8,129.271846
11.146717,12,129.365703
8.031487,9,129.434399
10.345491,12,129.523654
6.386944,8,129.583485
10.982704,13,129.687378
10.500986,12,129.777236
6.98939,8,129.839434
4.116667,5,129.875418
11.151269,13,129.976527
10.952272,12,130.066062
10.528772,12,130.155627
7.905106,9,130.223435
4.016218,5,130.26155
7.948154,9,130.330897
10.665379,12,130.421173
4.215457,5,130.457061
5.017168,6,130.502285
7.758669,9,130.571506
7.897558,9,130.641306
7.975932,9,130.708747
11.888889,12,130.79993
11.202264,12,130.89154
6.322296,7,130.944289
11.888889,12,131.032541
7.975932,9,131.10231
7.948154,9,131.172023
6.040245,7,131.22203
5.200036,6,131.266799
6.04369,7,131.323751
8.066801,10,131.39819
11.257109,15,131.508599
7.793949,9,131.577781
3.197389,4,131.608116
10.952264,12,131.699627
5.179283,6,131.743704
4.234815,5,131.779969
10.566035,12,131.871266
6.194982,7,131.924577
7.291637,8,131.983339
8.059265,9,132.052044
11.697006,13,132.155086
7.931217,9,132.227907
4.197389,5,132.265489
7.897558,9,132.335819
5.124955,6,132.379717
4.987991,6,132.425237
7.975932,9,132.494659
4.071325,5,132.530738
7.90506,9,132.603583
7.274844,8,132.662387
3.361111,4,132.691078
10.480428,12,132.77821
7.975932,9,132.847722
10.647095,12,132.93807
6.739744,8,132.997305
10.45265,12,133.086496
6.861259,8,133.146562
7.072724,8,133.209242
4.252945,5,133.244475
7.849551,9,133.314904
6.855742,8,133.375832
10.445478,12,133.47075
11.095722,13,133.587952
7.091779,9,133.656051
10.248768,12,133.74671
11.267314,12,133.840764
7.291637,8,133.899846
10.556542,12,133.99101
6.084777,7,134.045238
11.444444,12,134.134467
6.194982,7,134.186114
6.98939,8,134.248523
8.059265,9,134.319221
10.52649,12,134.408601
7.274844,8,134.466988
7.897558,9,134.536957
6.040258,7,134.590766
10.554268,12,134.681885
3.180526,4,134.710567
6.961613,8,134.771481
7.842002,9,134.841208
7.267168,8,134.901027
10.806541,12,134.990122
10.44543,12,135.079509
7.072724,8,135.143717
10.778764,12,135.234374
5.206925,6,135.278095
4.197389,5,135.315693
6.084777,7,135.36839
10.4177,12,135.458447
10.612097,12,135.549539
3.180526,4,135.581733
8.60641,10,135.660811
4.997054,6,135.704448
6.000537,7,135.757133
4.197389,5,135.792137
7.975932,9,135.863056
7.975932,9,135.932691
10.720934,12,136.02279
8.059265,9,136.090586
11.396709,12,136.185722
10.973208,12,136.275495
7.274844,8,136.33738
11.42616,12,136.430711
10.732702,12,136.530255
6.163721,7,136.584295
10.417653,12,136.677203
10.962321,13,136.774919
11.639155,15,136.882995
13.930074,16,137.006274
12.605273,15,137.113646
7.264614,8,137.172412
8.72902,10,137.247021
7.292391,8,137.307206
12.116675,14,137.469966
4.180526,5,137.50713
10.674873,12,137.60054
7.100501,8,137.662475
6.868439,8,137.723648
3.150098,4,137.752363
7.274844,8,137.814023
7.044946,8,137.876546
8.031487,9,137.945001
7.789978,9,138.014033
3.150098,4,138.044661
11.388889,12,138.13335
7.897558,9,138.204861
7.044946,8,138.266609
4.197389,5,138.30398
6.047463,7,138.356053
7.766171,9,138.425758
11.313375,12,138.518684
10.583668,12,138.610892
4.243235,5,138.646011
3.136388,4,138.675464
7.017168,8,138.736111
3.150098,4,138.766182
11.611111,12,138.85369
7.044946,8,138.914874
6.123592,7,138.969473
7.849505,9,139.041946
4.197389,5,139.078296
11.666667,12,139.16741
6.194982,7,139.219962
4.197389,5,139.256333
11.146709,12,139.349602
10.952447,13,139.447474
11.896719,13,139.546568
6.084777,7,139.600151
7.88701,9,139.666117
8.828588,10,139.741864
6.0306,7,139.793166
11.174487,12,139.886341
11.128425,12,139.978534
4.277778,5,140.01513
10.924811,12,140.107207
7.897558,9,140.180366
4.215457,5,140.21613
7.291621,8,140.274804
6.816282,8,140.334671
5.141832,6,140.378641
6.027786,7,140.430646
7.975932,9,140.498735
5.932405,7,140.550013
12.327488,15,140.663703
7.292391,8,140.721749
8.240925,10,140.795772
11.996101,14,140.904779
7.292391,8,140.96475
6.745473,8,141.028487
11.807899,15,141.140008
11.146717,12,141.230956
5.179283,6,141.274106
7.897558,9,141.343415
7.86978,9,141.4145
4.215457,5,141.450692
6.173431,7,141.50468
4.068975,5,141.540592
7.072724,8,141.603059
7.038987,8,141.663473
7.133522,8,141.724181
6.322296,7,141.776634
6.209306,7,141.827642
8.059265,9,141.897128
7.897558,9,141.968662
8.059265,9,142.037372
7.007396,8,142.100268
7.292401,8,142.159549
8.059265,9,142.231703
11.416667,12,142.321898
11.184209,13,142.419994
8.62694,10,142.493634
7.292391,8,142.553488
8.125419,9,142.620941
6.181066,7,142.672415
4.257396,5,142.707223
11.935936,13,142.808781
7.892598,9,142.876437
6.139426,7,142.929617
7.113557,8,142.989723
10.39715,12,143.080735
7.030722,8,143.142396
14.050679,16,143.258263
7.793949,9,143.328359
7.793949,9,143.400418
3.333333,4,143.428714
7.948154,9,143.496298
7.18128,8,143.555848
5.208852,6,143.600693
11.557575,15,143.707588
4.30566,5,143.743765
8.068969,9,143.811166
7.746168,9,143.878185
8.124504,10,143.95606
4.242299,5,143.992225
10.665656,12,144.08359
8.059265,9,144.153737
4.197389,5,144.190404
7.017168,8,144.251946
3.338889,4,144.280475
10.528772,12,144.370374
5.98939,7,144.42138
7.133522,8,144.480719
6.972224,8,144.538555
5.885943,7,144.591505
4.969721,6,144.634945
10.500994,12,144.724683
6.765591,8,144.783193
5.080387,6,144.828205
3.150098,4,144.858094
6.98939,8,144.920791
6.785593,8,144.982261
11.785663,13,145.085579
4.053054,5,145.123159
4.98939,6,145.164844
4.255556,5,145.200716
4.150905,5,145.238397
12.17999,16,145.349891
4.151481,5,145.384968
11.202264,12,145.47613
4.114056,5,145.512779
7.208304,8,145.573247
6.961613,8,145.635464
8.031487,9,145.704243
7.892598,9,145.776324
11.389885,13,145.890891
7.017168,8,145.954196
10.359823,12,146.042363
6.027883,7,146.095731
11.035598,12,146.188251
10.470934,12,146.276185
11.5,12,146.366229
4.080387,5,146.40419
4.215457,5,146.440937
6.794102,8,146.499845
8.60641,10,146.577736
3.987991,5,146.614455
11.146709,12,146.705714
6.097741,7,146.75902
10.720934,12,146.849736
10.720934,12,146.940596
6.163721,7,146.991201
7.743663,9,147.060257
11.118978,12,147.153147
10.674873,12,147.246991
10.593869,12,147.337595
11.702266,13,147.437474
7.058498,8,147.497478
7.786447,9,147.567929
10.498712,12,147.657651
10.607809,12,147.749848
7.975932,9,147.817201
11.156203,12,147.911296
4.080361,5,147.947746
4.127601,5,147.982942
6.872407,8,148.041259
6.014861,7,148.09479
9.69396,11,148.179185
5.326579,6,148.221556
11.063385,12,148.315565
5.179283,6,148.358905
7.897558,9,148.429356
11.342875,12,148.518628
13.038976,15,148.631545
12.586221,15,148.745399
8.059265,9,148.813605
7.021015,8,148.872567
7.128279,8,148.932863
11.785663,13,149.036242
6.943337,8,149.096206
11.396709,12,149.18931
11.146717,12,149.280246
10.973208,12,149.373327
10.693157,12,149.462197
8.031487,9,149.53171
7.044946,8,149.594071
4.886388,6,149.639383
7.042771,8,149.700723
11.416667,12,149.788244
6.112667,7,149.838723
7.821727,9,149.90935
7.975932,9,149.979062
12.466385,15,150.089138
7.786447,9,150.160472
4.152749,5,150.253442
7.786447,9,150.325245
10.480428,12,150.415091
4.100501,5,150.45125
7.975932,9,150.523134
6.941943,8,150.585443
4.987991,6,150.629235
8.651486,10,150.704971
3.164788,4,150.735176
11.666667,12,150.825475
4.215457,5,150.861471
11.174487,12,150.953076
10.973208,12,151.044408
7.90506,9,151.113221
10.612097,12,151.202108
7.975932,9,151.272402
8.059265,9,151.341166
4.146217,5,151.376661
7.975932,9,151.444611
7.072724,8,151.506058
7.925336,9,151.582617
7.816996,9,151.655052
7.806218,9,151.723796
7.847884,9,151.792947
3.197389,4,151.823228
11.42616,12,151.911172
11.146709,12,152.000788
11.091201,12,152.09184
10.591539,12,152.182497
8.903865,10,152.263028
7.209058,8,152.322853
10.48275,12,152.41493
3.194549,4,152.445265
13.106234,14,152.552731
7.292391,8,152.612117
10.774473,12,152.701953
10.419275,12,152.790952
7.897558,9,152.859858
10.536039,12,152.95027
3.152749,4,152.979357
4.215457,5,153.01759
7.710616,9,153.087372
7.948154,9,153.154468
5.034542,6,153.198291
7.247066,8,153.260237
7.219288,8,153.320563
10.889875,12,153.409928
6.139426,7,153.459904
7.062952,8,153.522648
6.173431,7,153.575077
7.90506,9,153.645201
11.174542,12,153.735669
10.999041,13,153.842093
6.15298,7,153.896566
11.091163,12,153.991352
7.925336,9,154.062152
7.098327,8,154.124723
8.031487,9,154.191918
6.084777,7,154.243451
7.877282,9,154.313469
10.456594,12,154.404351
7.980891,9,154.473049
8.201481,9,154.538786
10.674873,12,154.629016
